recorder,Abyssinian Nightjar,African Black-headed Oriole,Three-banded Plover
RBS02,0,106,1
RBS14,1210,1175,0
RBS15,854,724,0
RBS17,0,0,1
RBS21,301,2124,1
RBS22,0,3,0
RBS26,2,2,0
RBS28,0,4,0
RBS30,33,15,0
RBS31,0,12,0
RBS35,0,12,0
RBS38,5,2080,0
RBS39,0,5,0
RBS40,35,244,1
RBS41,0,0,2
RBS43,0,15,0
RBS44,2,110,0
RBS45,0,1,0
RBS47,0,85,0
RBS49,0,2,2
RBS50,0,1,3
RBS51,120,557,3
RBS52,160,2602,0
RBS53,0,2,0
RBS54,0,6,0
RBS55,141,485,0
RBS58,0,5507,0
RBS60,154,68,0
RBS62,0,7,0
RBS63,26,13,0
RBS64,0,0,2
RBS67,0,1,0
RBS69,0,1,1
RBS70,3,0,0
RBS71,0,589,0
RBS73,0,29,0
RBS75,0,718,520
RBS78,92,67,1
RBS79,9,274,0
