submission_key,plot,quadrat,cum_identities
uuid:2439f628-f86d-4770-98d1-ae7b99a4d91f,Plot_26,1,7
uuid:2439f628-f86d-4770-98d1-ae7b99a4d91f,Plot_26,2,8
uuid:2439f628-f86d-4770-98d1-ae7b99a4d91f,Plot_26,3,9
uuid:2439f628-f86d-4770-98d1-ae7b99a4d91f,Plot_26,4,13
uuid:2439f628-f86d-4770-98d1-ae7b99a4d91f,Plot_26,5,13
uuid:2439f628-f86d-4770-98d1-ae7b99a4d91f,Plot_26,6,15
uuid:2439f628-f86d-4770-98d1-ae7b99a4d91f,Plot_26,7,15
uuid:2439f628-f86d-4770-98d1-ae7b99a4d91f,Plot_26,8,17
uuid:2439f628-f86d-4770-98d1-ae7b99a4d91f,Plot_26,9,19
uuid:2439f628-f86d-4770-98d1-ae7b99a4d91f,Plot_26,10,19
uuid:2439f628-f86d-4770-98d1-ae7b99a4d91f,Plot_26,11,20
uuid:2439f628-f86d-4770-98d1-ae7b99a4d91f,Plot_26,12,20
uuid:2439f628-f86d-4770-98d1-ae7b99a4d91f,Plot_26,13,22
uuid:2439f628-f86d-4770-98d1-ae7b99a4d91f,Plot_26,14,22
uuid:2439f628-f86d-4770-98d1-ae7b99a4d91f,Plot_26,15,22
uuid:2439f628-f86d-4770-98d1-ae7b99a4d91f,Plot_26,16,22
uuid:2439f628-f86d-4770-98d1-ae7b99a4d91f,Plot_26,17,23
uuid:2439f628-f86d-4770-98d1-ae7b99a4d91f,Plot_26,18,24
uuid:2439f628-f86d-4770-98d1-ae7b99a4d91f,Plot_26,19,24
uuid:2439f628-f86d-4770-98d1-ae7b99a4d91f,Plot_26,20,24
uuid:359a5da6-d237-4203-b838-8596bdbd4935,Plot_08,1,5
uuid:359a5da6-d237-4203-b838-8596bdbd4935,Plot_08,2,7
uuid:359a5da6-d237-4203-b838-8596bdbd4935,Plot_08,3,10
uuid:359a5da6-d237-4203-b838-8596bdbd4935,Plot_08,4,12
uuid:359a5da6-d237-4203-b838-8596bdbd4935,Plot_08,5,13
uuid:359a5da6-d237-4203-b838-8596bdbd4935,Plot_08,6,13
uuid:359a5da6-d237-4203-b838-8596bdbd4935,Plot_08,7,14
uuid:359a5da6-d237-4203-b838-8596bdbd4935,Plot_08,8,15
uuid:359a5da6-d237-4203-b838-8596bdbd4935,Plot_08,9,17
uuid:359a5da6-d237-4203-b838-8596bdbd4935,Plot_08,10,17
uuid:359a5da6-d237-4203-b838-8596bdbd4935,Plot_08,11,18
uuid:359a5da6-d237-4203-b838-8596bdbd4935,Plot_08,12,20
uuid:359a5da6-d237-4203-b838-8596bdbd4935,Plot_08,13,20
uuid:359a5da6-d237-4203-b838-8596bdbd4935,Plot_08,14,20
uuid:359a5da6-d237-4203-b838-8596bdbd4935,Plot_08,15,23
uuid:359a5da6-d237-4203-b838-8596bdbd4935,Plot_08,16,24
uuid:359a5da6-d237-4203-b838-8596bdbd4935,Plot_08,17,25
uuid:359a5da6-d237-4203-b838-8596bdbd4935,Plot_08,18,25
uuid:359a5da6-d237-4203-b838-8596bdbd4935,Plot_08,19,26
uuid:359a5da6-d237-4203-b838-8596bdbd4935,Plot_08,20,26
uuid:3865525f-1d45-40fc-83ca-7e30fafe6b54,Plot_10,1,3
uuid:3865525f-1d45-40fc-83ca-7e30fafe6b54,Plot_10,2,6
uuid:3865525f-1d45-40fc-83ca-7e30fafe6b54,Plot_10,3,7
uuid:3865525f-1d45-40fc-83ca-7e30fafe6b54,Plot_10,4,9
uuid:3865525f-1d45-40fc-83ca-7e30fafe6b54,Plot_10,5,10
uuid:3865525f-1d45-40fc-83ca-7e30fafe6b54,Plot_10,6,10
uuid:3865525f-1d45-40fc-83ca-7e30fafe6b54,Plot_10,7,10
uuid:3865525f-1d45-40fc-83ca-7e30fafe6b54,Plot_10,8,11
uuid:3865525f-1d45-40fc-83ca-7e30fafe6b54,Plot_10,9,11
uuid:3865525f-1d45-40fc-83ca-7e30fafe6b54,Plot_10,10,12
uuid:3865525f-1d45-40fc-83ca-7e30fafe6b54,Plot_10,11,14
uuid:3865525f-1d45-40fc-83ca-7e30fafe6b54,Plot_10,12,16
uuid:3865525f-1d45-40fc-83ca-7e30fafe6b54,Plot_10,13,17
uuid:3865525f-1d45-40fc-83ca-7e30fafe6b54,Plot_10,14,17
uuid:3865525f-1d45-40fc-83ca-7e30fafe6b54,Plot_10,15,20
uuid:3865525f-1d45-40fc-83ca-7e30fafe6b54,Plot_10,16,20
uuid:3865525f-1d45-40fc-83ca-7e30fafe6b54,Plot_10,17,20
uuid:3865525f-1d45-40fc-83ca-7e30fafe6b54,Plot_10,18,20
uuid:3865525f-1d45-40fc-83ca-7e30fafe6b54,Plot_10,19,20
uuid:3865525f-1d45-40fc-83ca-7e30fafe6b54,Plot_10,20,21
uuid:4137458f-31e5-4355-b4ad-47858fb11503,Plot_04,1,4
uuid:4137458f-31e5-4355-b4ad-47858fb11503,Plot_04,2,5
uuid:4137458f-31e5-4355-b4ad-47858fb11503,Plot_04,3,7
uuid:4137458f-31e5-4355-b4ad-47858fb11503,Plot_04,4,8
uuid:4137458f-31e5-4355-b4ad-47858fb11503,Plot_04,5,9
uuid:4137458f-31e5-4355-b4ad-47858fb11503,Plot_04,6,11
uuid:4137458f-31e5-4355-b4ad-47858fb11503,Plot_04,7,12
uuid:4137458f-31e5-4355-b4ad-47858fb11503,Plot_04,8,14
uuid:4137458f-31e5-4355-b4ad-47858fb11503,Plot_04,9,15
uuid:4137458f-31e5-4355-b4ad-47858fb11503,Plot_04,10,15
uuid:4137458f-31e5-4355-b4ad-47858fb11503,Plot_04,11,15
uuid:4137458f-31e5-4355-b4ad-47858fb11503,Plot_04,12,15
uuid:4137458f-31e5-4355-b4ad-47858fb11503,Plot_04,13,17
uuid:4137458f-31e5-4355-b4ad-47858fb11503,Plot_04,14,18
uuid:4137458f-31e5-4355-b4ad-47858fb11503,Plot_04,15,19
uuid:4137458f-31e5-4355-b4ad-47858fb11503,Plot_04,16,20
uuid:4137458f-31e5-4355-b4ad-47858fb11503,Plot_04,17,20
uuid:4137458f-31e5-4355-b4ad-47858fb11503,Plot_04,18,20
uuid:4137458f-31e5-4355-b4ad-47858fb11503,Plot_04,19,20
uuid:4137458f-31e5-4355-b4ad-47858fb11503,Plot_04,20,21
uuid:430e85a3-44ce-45f4-9974-c6a61569e78b,Plot_07,1,5
uuid:430e85a3-44ce-45f4-9974-c6a61569e78b,Plot_07,2,8
uuid:430e85a3-44ce-45f4-9974-c6a61569e78b,Plot_07,3,9
uuid:430e85a3-44ce-45f4-9974-c6a61569e78b,Plot_07,4,10
uuid:430e85a3-44ce-45f4-9974-c6a61569e78b,Plot_07,5,11
uuid:430e85a3-44ce-45f4-9974-c6a61569e78b,Plot_07,6,12
uuid:430e85a3-44ce-45f4-9974-c6a61569e78b,Plot_07,7,12
uuid:430e85a3-44ce-45f4-9974-c6a61569e78b,Plot_07,8,12
uuid:430e85a3-44ce-45f4-9974-c6a61569e78b,Plot_07,9,12
uuid:430e85a3-44ce-45f4-9974-c6a61569e78b,Plot_07,10,13
uuid:430e85a3-44ce-45f4-9974-c6a61569e78b,Plot_07,11,14
uuid:430e85a3-44ce-45f4-9974-c6a61569e78b,Plot_07,12,14
uuid:430e85a3-44ce-45f4-9974-c6a61569e78b,Plot_07,13,15
uuid:430e85a3-44ce-45f4-9974-c6a61569e78b,Plot_07,14,16
uuid:430e85a3-44ce-45f4-9974-c6a61569e78b,Plot_07,15,16
uuid:430e85a3-44ce-45f4-9974-c6a61569e78b,Plot_07,16,16
uuid:430e85a3-44ce-45f4-9974-c6a61569e78b,Plot_07,17,16
uuid:430e85a3-44ce-45f4-9974-c6a61569e78b,Plot_07,18,17
uuid:430e85a3-44ce-45f4-9974-c6a61569e78b,Plot_07,19,18
uuid:430e85a3-44ce-45f4-9974-c6a61569e78b,Plot_07,20,18
uuid:49d73df9-2d36-4a1e-aa29-6f94f23a7513,Plot_21,1,5
uuid:49d73df9-2d36-4a1e-aa29-6f94f23a7513,Plot_21,2,6
uuid:49d73df9-2d36-4a1e-aa29-6f94f23a7513,Plot_21,3,8
uuid:49d73df9-2d36-4a1e-aa29-6f94f23a7513,Plot_21,4,10
uuid:49d73df9-2d36-4a1e-aa29-6f94f23a7513,Plot_21,5,11
uuid:49d73df9-2d36-4a1e-aa29-6f94f23a7513,Plot_21,6,16
uuid:49d73df9-2d36-4a1e-aa29-6f94f23a7513,Plot_21,7,18
uuid:49d73df9-2d36-4a1e-aa29-6f94f23a7513,Plot_21,8,18
uuid:49d73df9-2d36-4a1e-aa29-6f94f23a7513,Plot_21,9,20
uuid:49d73df9-2d36-4a1e-aa29-6f94f23a7513,Plot_21,10,22
uuid:49d73df9-2d36-4a1e-aa29-6f94f23a7513,Plot_21,11,23
uuid:49d73df9-2d36-4a1e-aa29-6f94f23a7513,Plot_21,12,23
uuid:49d73df9-2d36-4a1e-aa29-6f94f23a7513,Plot_21,13,24
uuid:49d73df9-2d36-4a1e-aa29-6f94f23a7513,Plot_21,14,24
uuid:49d73df9-2d36-4a1e-aa29-6f94f23a7513,Plot_21,15,25
uuid:49d73df9-2d36-4a1e-aa29-6f94f23a7513,Plot_21,16,26
uuid:49d73df9-2d36-4a1e-aa29-6f94f23a7513,Plot_21,17,27
uuid:49d73df9-2d36-4a1e-aa29-6f94f23a7513,Plot_21,18,28
uuid:49d73df9-2d36-4a1e-aa29-6f94f23a7513,Plot_21,19,29
uuid:49d73df9-2d36-4a1e-aa29-6f94f23a7513,Plot_21,20,30
uuid:54452130-d92e-4996-a0d7-9401811b9ed7,Plot_15,1,1
uuid:54452130-d92e-4996-a0d7-9401811b9ed7,Plot_15,2,2
uuid:54452130-d92e-4996-a0d7-9401811b9ed7,Plot_15,3,7
uuid:54452130-d92e-4996-a0d7-9401811b9ed7,Plot_15,4,8
uuid:54452130-d92e-4996-a0d7-9401811b9ed7,Plot_15,5,9
uuid:54452130-d92e-4996-a0d7-9401811b9ed7,Plot_15,6,10
uuid:54452130-d92e-4996-a0d7-9401811b9ed7,Plot_15,7,10
uuid:54452130-d92e-4996-a0d7-9401811b9ed7,Plot_15,8,12
uuid:54452130-d92e-4996-a0d7-9401811b9ed7,Plot_15,9,13
uuid:54452130-d92e-4996-a0d7-9401811b9ed7,Plot_15,10,15
uuid:54452130-d92e-4996-a0d7-9401811b9ed7,Plot_15,11,16
uuid:54452130-d92e-4996-a0d7-9401811b9ed7,Plot_15,12,17
uuid:54452130-d92e-4996-a0d7-9401811b9ed7,Plot_15,13,17
uuid:54452130-d92e-4996-a0d7-9401811b9ed7,Plot_15,14,17
uuid:54452130-d92e-4996-a0d7-9401811b9ed7,Plot_15,15,19
uuid:54452130-d92e-4996-a0d7-9401811b9ed7,Plot_15,16,20
uuid:54452130-d92e-4996-a0d7-9401811b9ed7,Plot_15,17,21
uuid:54452130-d92e-4996-a0d7-9401811b9ed7,Plot_15,18,21
uuid:54452130-d92e-4996-a0d7-9401811b9ed7,Plot_15,19,21
uuid:54452130-d92e-4996-a0d7-9401811b9ed7,Plot_15,20,21
uuid:599e04cf-832f-4535-8305-967918d12026,Plot_16,1,5
uuid:599e04cf-832f-4535-8305-967918d12026,Plot_16,2,9
uuid:599e04cf-832f-4535-8305-967918d12026,Plot_16,3,11
uuid:599e04cf-832f-4535-8305-967918d12026,Plot_16,4,13
uuid:599e04cf-832f-4535-8305-967918d12026,Plot_16,5,14
uuid:599e04cf-832f-4535-8305-967918d12026,Plot_16,6,15
uuid:599e04cf-832f-4535-8305-967918d12026,Plot_16,7,17
uuid:599e04cf-832f-4535-8305-967918d12026,Plot_16,8,17
uuid:599e04cf-832f-4535-8305-967918d12026,Plot_16,9,18
uuid:599e04cf-832f-4535-8305-967918d12026,Plot_16,10,18
uuid:599e04cf-832f-4535-8305-967918d12026,Plot_16,11,19
uuid:599e04cf-832f-4535-8305-967918d12026,Plot_16,12,20
uuid:599e04cf-832f-4535-8305-967918d12026,Plot_16,13,20
uuid:599e04cf-832f-4535-8305-967918d12026,Plot_16,14,20
uuid:599e04cf-832f-4535-8305-967918d12026,Plot_16,15,20
uuid:599e04cf-832f-4535-8305-967918d12026,Plot_16,16,21
uuid:599e04cf-832f-4535-8305-967918d12026,Plot_16,17,22
uuid:599e04cf-832f-4535-8305-967918d12026,Plot_16,18,22
uuid:599e04cf-832f-4535-8305-967918d12026,Plot_16,19,22
uuid:599e04cf-832f-4535-8305-967918d12026,Plot_16,20,23
uuid:5d242bf2-8888-4eb0-9082-431482177425,Plot_05,1,1
uuid:5d242bf2-8888-4eb0-9082-431482177425,Plot_05,2,3
uuid:5d242bf2-8888-4eb0-9082-431482177425,Plot_05,3,6
uuid:5d242bf2-8888-4eb0-9082-431482177425,Plot_05,4,6
uuid:5d242bf2-8888-4eb0-9082-431482177425,Plot_05,5,7
uuid:5d242bf2-8888-4eb0-9082-431482177425,Plot_05,6,8
uuid:5d242bf2-8888-4eb0-9082-431482177425,Plot_05,7,10
uuid:5d242bf2-8888-4eb0-9082-431482177425,Plot_05,8,10
uuid:5d242bf2-8888-4eb0-9082-431482177425,Plot_05,9,11
uuid:5d242bf2-8888-4eb0-9082-431482177425,Plot_05,10,12
uuid:5d242bf2-8888-4eb0-9082-431482177425,Plot_05,11,12
uuid:5d242bf2-8888-4eb0-9082-431482177425,Plot_05,12,12
uuid:5d242bf2-8888-4eb0-9082-431482177425,Plot_05,13,12
uuid:5d242bf2-8888-4eb0-9082-431482177425,Plot_05,14,12
uuid:5d242bf2-8888-4eb0-9082-431482177425,Plot_05,15,12
uuid:5d242bf2-8888-4eb0-9082-431482177425,Plot_05,16,13
uuid:5d242bf2-8888-4eb0-9082-431482177425,Plot_05,17,15
uuid:5d242bf2-8888-4eb0-9082-431482177425,Plot_05,18,16
uuid:5d242bf2-8888-4eb0-9082-431482177425,Plot_05,19,16
uuid:5d242bf2-8888-4eb0-9082-431482177425,Plot_05,20,16
uuid:7ae61d55-3663-422e-aad2-9104b56c9a47,Plot_06,1,5
uuid:7ae61d55-3663-422e-aad2-9104b56c9a47,Plot_06,2,7
uuid:7ae61d55-3663-422e-aad2-9104b56c9a47,Plot_06,3,11
uuid:7ae61d55-3663-422e-aad2-9104b56c9a47,Plot_06,4,12
uuid:7ae61d55-3663-422e-aad2-9104b56c9a47,Plot_06,5,13
uuid:7ae61d55-3663-422e-aad2-9104b56c9a47,Plot_06,6,13
uuid:7ae61d55-3663-422e-aad2-9104b56c9a47,Plot_06,7,14
uuid:7ae61d55-3663-422e-aad2-9104b56c9a47,Plot_06,8,15
uuid:7ae61d55-3663-422e-aad2-9104b56c9a47,Plot_06,9,15
uuid:7ae61d55-3663-422e-aad2-9104b56c9a47,Plot_06,10,18
uuid:7ae61d55-3663-422e-aad2-9104b56c9a47,Plot_06,11,19
uuid:7ae61d55-3663-422e-aad2-9104b56c9a47,Plot_06,12,20
uuid:7ae61d55-3663-422e-aad2-9104b56c9a47,Plot_06,13,20
uuid:7ae61d55-3663-422e-aad2-9104b56c9a47,Plot_06,14,21
uuid:7ae61d55-3663-422e-aad2-9104b56c9a47,Plot_06,15,21
uuid:7ae61d55-3663-422e-aad2-9104b56c9a47,Plot_06,16,21
uuid:7ae61d55-3663-422e-aad2-9104b56c9a47,Plot_06,17,21
uuid:7ae61d55-3663-422e-aad2-9104b56c9a47,Plot_06,18,22
uuid:7ae61d55-3663-422e-aad2-9104b56c9a47,Plot_06,19,23
uuid:7ae61d55-3663-422e-aad2-9104b56c9a47,Plot_06,20,24
uuid:8e5f5c9d-d697-4358-b766-db4a41f28c3e,Plot_25,1,4
uuid:8e5f5c9d-d697-4358-b766-db4a41f28c3e,Plot_25,2,8
uuid:8e5f5c9d-d697-4358-b766-db4a41f28c3e,Plot_25,3,11
uuid:8e5f5c9d-d697-4358-b766-db4a41f28c3e,Plot_25,4,14
uuid:8e5f5c9d-d697-4358-b766-db4a41f28c3e,Plot_25,5,16
uuid:8e5f5c9d-d697-4358-b766-db4a41f28c3e,Plot_25,6,19
uuid:8e5f5c9d-d697-4358-b766-db4a41f28c3e,Plot_25,7,19
uuid:8e5f5c9d-d697-4358-b766-db4a41f28c3e,Plot_25,8,20
uuid:8e5f5c9d-d697-4358-b766-db4a41f28c3e,Plot_25,9,23
uuid:8e5f5c9d-d697-4358-b766-db4a41f28c3e,Plot_25,10,24
uuid:8e5f5c9d-d697-4358-b766-db4a41f28c3e,Plot_25,11,27
uuid:8e5f5c9d-d697-4358-b766-db4a41f28c3e,Plot_25,12,27
uuid:8e5f5c9d-d697-4358-b766-db4a41f28c3e,Plot_25,13,27
uuid:8e5f5c9d-d697-4358-b766-db4a41f28c3e,Plot_25,14,28
uuid:8e5f5c9d-d697-4358-b766-db4a41f28c3e,Plot_25,15,29
uuid:8e5f5c9d-d697-4358-b766-db4a41f28c3e,Plot_25,16,29
uuid:8e5f5c9d-d697-4358-b766-db4a41f28c3e,Plot_25,17,29
uuid:8e5f5c9d-d697-4358-b766-db4a41f28c3e,Plot_25,18,30
uuid:8e5f5c9d-d697-4358-b766-db4a41f28c3e,Plot_25,19,31
uuid:8e5f5c9d-d697-4358-b766-db4a41f28c3e,Plot_25,20,31
uuid:938c15e5-c942-49aa-8e6d-9633189870ff,Plot_29,1,4
uuid:938c15e5-c942-49aa-8e6d-9633189870ff,Plot_29,2,6
uuid:938c15e5-c942-49aa-8e6d-9633189870ff,Plot_29,3,7
uuid:938c15e5-c942-49aa-8e6d-9633189870ff,Plot_29,4,9
uuid:938c15e5-c942-49aa-8e6d-9633189870ff,Plot_29,5,10
uuid:938c15e5-c942-49aa-8e6d-9633189870ff,Plot_29,6,10
uuid:938c15e5-c942-49aa-8e6d-9633189870ff,Plot_29,7,13
uuid:938c15e5-c942-49aa-8e6d-9633189870ff,Plot_29,8,15
uuid:938c15e5-c942-49aa-8e6d-9633189870ff,Plot_29,9,16
uuid:938c15e5-c942-49aa-8e6d-9633189870ff,Plot_29,10,17
uuid:938c15e5-c942-49aa-8e6d-9633189870ff,Plot_29,11,17
uuid:938c15e5-c942-49aa-8e6d-9633189870ff,Plot_29,12,19
uuid:938c15e5-c942-49aa-8e6d-9633189870ff,Plot_29,13,19
uuid:938c15e5-c942-49aa-8e6d-9633189870ff,Plot_29,14,20
uuid:938c15e5-c942-49aa-8e6d-9633189870ff,Plot_29,15,20
uuid:938c15e5-c942-49aa-8e6d-9633189870ff,Plot_29,16,21
uuid:938c15e5-c942-49aa-8e6d-9633189870ff,Plot_29,17,22
uuid:938c15e5-c942-49aa-8e6d-9633189870ff,Plot_29,18,23
uuid:938c15e5-c942-49aa-8e6d-9633189870ff,Plot_29,19,23
uuid:938c15e5-c942-49aa-8e6d-9633189870ff,Plot_29,20,24
uuid:95cde0b4-8b49-4f5d-a3c7-6765e1c06466,Plot_09,1,5
uuid:95cde0b4-8b49-4f5d-a3c7-6765e1c06466,Plot_09,2,6
uuid:95cde0b4-8b49-4f5d-a3c7-6765e1c06466,Plot_09,3,7
uuid:95cde0b4-8b49-4f5d-a3c7-6765e1c06466,Plot_09,4,8
uuid:95cde0b4-8b49-4f5d-a3c7-6765e1c06466,Plot_09,5,9
uuid:95cde0b4-8b49-4f5d-a3c7-6765e1c06466,Plot_09,6,10
uuid:95cde0b4-8b49-4f5d-a3c7-6765e1c06466,Plot_09,7,13
uuid:95cde0b4-8b49-4f5d-a3c7-6765e1c06466,Plot_09,8,16
uuid:95cde0b4-8b49-4f5d-a3c7-6765e1c06466,Plot_09,9,20
uuid:95cde0b4-8b49-4f5d-a3c7-6765e1c06466,Plot_09,10,20
uuid:95cde0b4-8b49-4f5d-a3c7-6765e1c06466,Plot_09,11,20
uuid:95cde0b4-8b49-4f5d-a3c7-6765e1c06466,Plot_09,12,22
uuid:95cde0b4-8b49-4f5d-a3c7-6765e1c06466,Plot_09,13,24
uuid:95cde0b4-8b49-4f5d-a3c7-6765e1c06466,Plot_09,14,25
uuid:95cde0b4-8b49-4f5d-a3c7-6765e1c06466,Plot_09,15,26
uuid:95cde0b4-8b49-4f5d-a3c7-6765e1c06466,Plot_09,16,26
uuid:95cde0b4-8b49-4f5d-a3c7-6765e1c06466,Plot_09,17,26
uuid:95cde0b4-8b49-4f5d-a3c7-6765e1c06466,Plot_09,18,26
uuid:95cde0b4-8b49-4f5d-a3c7-6765e1c06466,Plot_09,19,26
uuid:95cde0b4-8b49-4f5d-a3c7-6765e1c06466,Plot_09,20,27
uuid:967cb42c-f21a-4ba6-92be-81cd6d2b0e8d,Plot_03,1,3
uuid:967cb42c-f21a-4ba6-92be-81cd6d2b0e8d,Plot_03,2,4
uuid:967cb42c-f21a-4ba6-92be-81cd6d2b0e8d,Plot_03,3,7
uuid:967cb42c-f21a-4ba6-92be-81cd6d2b0e8d,Plot_03,4,9
uuid:967cb42c-f21a-4ba6-92be-81cd6d2b0e8d,Plot_03,5,10
uuid:967cb42c-f21a-4ba6-92be-81cd6d2b0e8d,Plot_03,6,11
uuid:967cb42c-f21a-4ba6-92be-81cd6d2b0e8d,Plot_03,7,12
uuid:967cb42c-f21a-4ba6-92be-81cd6d2b0e8d,Plot_03,8,12
uuid:967cb42c-f21a-4ba6-92be-81cd6d2b0e8d,Plot_03,9,12
uuid:967cb42c-f21a-4ba6-92be-81cd6d2b0e8d,Plot_03,10,13
uuid:967cb42c-f21a-4ba6-92be-81cd6d2b0e8d,Plot_03,11,14
uuid:967cb42c-f21a-4ba6-92be-81cd6d2b0e8d,Plot_03,12,15
uuid:967cb42c-f21a-4ba6-92be-81cd6d2b0e8d,Plot_03,13,15
uuid:967cb42c-f21a-4ba6-92be-81cd6d2b0e8d,Plot_03,14,15
uuid:967cb42c-f21a-4ba6-92be-81cd6d2b0e8d,Plot_03,15,15
uuid:967cb42c-f21a-4ba6-92be-81cd6d2b0e8d,Plot_03,16,15
uuid:967cb42c-f21a-4ba6-92be-81cd6d2b0e8d,Plot_03,17,15
uuid:967cb42c-f21a-4ba6-92be-81cd6d2b0e8d,Plot_03,18,15
uuid:967cb42c-f21a-4ba6-92be-81cd6d2b0e8d,Plot_03,19,15
uuid:967cb42c-f21a-4ba6-92be-81cd6d2b0e8d,Plot_03,20,15
uuid:9e1251bb-84c1-4b7a-a8bb-bafcf7afc82c,Plot_11,1,3
uuid:9e1251bb-84c1-4b7a-a8bb-bafcf7afc82c,Plot_11,2,6
uuid:9e1251bb-84c1-4b7a-a8bb-bafcf7afc82c,Plot_11,3,9
uuid:9e1251bb-84c1-4b7a-a8bb-bafcf7afc82c,Plot_11,4,11
uuid:9e1251bb-84c1-4b7a-a8bb-bafcf7afc82c,Plot_11,5,12
uuid:9e1251bb-84c1-4b7a-a8bb-bafcf7afc82c,Plot_11,6,13
uuid:9e1251bb-84c1-4b7a-a8bb-bafcf7afc82c,Plot_11,7,17
uuid:9e1251bb-84c1-4b7a-a8bb-bafcf7afc82c,Plot_11,8,18
uuid:9e1251bb-84c1-4b7a-a8bb-bafcf7afc82c,Plot_11,9,18
uuid:9e1251bb-84c1-4b7a-a8bb-bafcf7afc82c,Plot_11,10,18
uuid:9e1251bb-84c1-4b7a-a8bb-bafcf7afc82c,Plot_11,11,21
uuid:9e1251bb-84c1-4b7a-a8bb-bafcf7afc82c,Plot_11,12,21
uuid:9e1251bb-84c1-4b7a-a8bb-bafcf7afc82c,Plot_11,13,21
uuid:9e1251bb-84c1-4b7a-a8bb-bafcf7afc82c,Plot_11,14,21
uuid:9e1251bb-84c1-4b7a-a8bb-bafcf7afc82c,Plot_11,15,23
uuid:9e1251bb-84c1-4b7a-a8bb-bafcf7afc82c,Plot_11,16,23
uuid:9e1251bb-84c1-4b7a-a8bb-bafcf7afc82c,Plot_11,17,23
uuid:9e1251bb-84c1-4b7a-a8bb-bafcf7afc82c,Plot_11,18,24
uuid:9e1251bb-84c1-4b7a-a8bb-bafcf7afc82c,Plot_11,19,24
uuid:9e1251bb-84c1-4b7a-a8bb-bafcf7afc82c,Plot_11,20,25
uuid:9ec95900-d4e8-4825-be75-07834b98cc6c,Plot_19,1,3
uuid:9ec95900-d4e8-4825-be75-07834b98cc6c,Plot_19,2,7
uuid:9ec95900-d4e8-4825-be75-07834b98cc6c,Plot_19,3,8
uuid:9ec95900-d4e8-4825-be75-07834b98cc6c,Plot_19,4,9
uuid:9ec95900-d4e8-4825-be75-07834b98cc6c,Plot_19,5,9
uuid:9ec95900-d4e8-4825-be75-07834b98cc6c,Plot_19,6,11
uuid:9ec95900-d4e8-4825-be75-07834b98cc6c,Plot_19,7,11
uuid:9ec95900-d4e8-4825-be75-07834b98cc6c,Plot_19,8,13
uuid:9ec95900-d4e8-4825-be75-07834b98cc6c,Plot_19,9,14
uuid:9ec95900-d4e8-4825-be75-07834b98cc6c,Plot_19,10,15
uuid:9ec95900-d4e8-4825-be75-07834b98cc6c,Plot_19,11,15
uuid:9ec95900-d4e8-4825-be75-07834b98cc6c,Plot_19,12,15
uuid:9ec95900-d4e8-4825-be75-07834b98cc6c,Plot_19,13,16
uuid:9ec95900-d4e8-4825-be75-07834b98cc6c,Plot_19,14,16
uuid:9ec95900-d4e8-4825-be75-07834b98cc6c,Plot_19,15,16
uuid:9ec95900-d4e8-4825-be75-07834b98cc6c,Plot_19,16,18
uuid:9ec95900-d4e8-4825-be75-07834b98cc6c,Plot_19,17,19
uuid:9ec95900-d4e8-4825-be75-07834b98cc6c,Plot_19,18,19
uuid:9ec95900-d4e8-4825-be75-07834b98cc6c,Plot_19,19,19
uuid:9ec95900-d4e8-4825-be75-07834b98cc6c,Plot_19,20,19
uuid:9fd08bb2-7c3f-49f5-8ad8-dd6f45da94da,Plot_01,1,9
uuid:9fd08bb2-7c3f-49f5-8ad8-dd6f45da94da,Plot_01,2,10
uuid:9fd08bb2-7c3f-49f5-8ad8-dd6f45da94da,Plot_01,3,12
uuid:9fd08bb2-7c3f-49f5-8ad8-dd6f45da94da,Plot_01,4,12
uuid:9fd08bb2-7c3f-49f5-8ad8-dd6f45da94da,Plot_01,5,13
uuid:9fd08bb2-7c3f-49f5-8ad8-dd6f45da94da,Plot_01,6,17
uuid:9fd08bb2-7c3f-49f5-8ad8-dd6f45da94da,Plot_01,7,17
uuid:9fd08bb2-7c3f-49f5-8ad8-dd6f45da94da,Plot_01,8,19
uuid:9fd08bb2-7c3f-49f5-8ad8-dd6f45da94da,Plot_01,9,21
uuid:9fd08bb2-7c3f-49f5-8ad8-dd6f45da94da,Plot_01,10,21
uuid:9fd08bb2-7c3f-49f5-8ad8-dd6f45da94da,Plot_01,11,23
uuid:9fd08bb2-7c3f-49f5-8ad8-dd6f45da94da,Plot_01,12,24
uuid:9fd08bb2-7c3f-49f5-8ad8-dd6f45da94da,Plot_01,13,24
uuid:9fd08bb2-7c3f-49f5-8ad8-dd6f45da94da,Plot_01,14,24
uuid:9fd08bb2-7c3f-49f5-8ad8-dd6f45da94da,Plot_01,15,24
uuid:9fd08bb2-7c3f-49f5-8ad8-dd6f45da94da,Plot_01,16,26
uuid:9fd08bb2-7c3f-49f5-8ad8-dd6f45da94da,Plot_01,17,30
uuid:9fd08bb2-7c3f-49f5-8ad8-dd6f45da94da,Plot_01,18,30
uuid:9fd08bb2-7c3f-49f5-8ad8-dd6f45da94da,Plot_01,19,30
uuid:9fd08bb2-7c3f-49f5-8ad8-dd6f45da94da,Plot_01,20,31
uuid:b816a9b4-f338-432a-83d7-1cf354583f0f,Plot_20,1,2
uuid:b816a9b4-f338-432a-83d7-1cf354583f0f,Plot_20,2,5
uuid:b816a9b4-f338-432a-83d7-1cf354583f0f,Plot_20,3,6
uuid:b816a9b4-f338-432a-83d7-1cf354583f0f,Plot_20,4,6
uuid:b816a9b4-f338-432a-83d7-1cf354583f0f,Plot_20,5,7
uuid:b816a9b4-f338-432a-83d7-1cf354583f0f,Plot_20,6,8
uuid:b816a9b4-f338-432a-83d7-1cf354583f0f,Plot_20,7,8
uuid:b816a9b4-f338-432a-83d7-1cf354583f0f,Plot_20,8,10
uuid:b816a9b4-f338-432a-83d7-1cf354583f0f,Plot_20,9,12
uuid:b816a9b4-f338-432a-83d7-1cf354583f0f,Plot_20,10,13
uuid:b816a9b4-f338-432a-83d7-1cf354583f0f,Plot_20,11,15
uuid:b816a9b4-f338-432a-83d7-1cf354583f0f,Plot_20,12,16
uuid:b816a9b4-f338-432a-83d7-1cf354583f0f,Plot_20,13,16
uuid:b816a9b4-f338-432a-83d7-1cf354583f0f,Plot_20,14,16
uuid:b816a9b4-f338-432a-83d7-1cf354583f0f,Plot_20,15,16
uuid:b816a9b4-f338-432a-83d7-1cf354583f0f,Plot_20,16,16
uuid:b816a9b4-f338-432a-83d7-1cf354583f0f,Plot_20,17,16
uuid:b816a9b4-f338-432a-83d7-1cf354583f0f,Plot_20,18,16
uuid:b816a9b4-f338-432a-83d7-1cf354583f0f,Plot_20,19,16
uuid:b816a9b4-f338-432a-83d7-1cf354583f0f,Plot_20,20,17
uuid:b940a5e4-f4ed-4120-ba4e-70f858b86dfd,Plot_17,1,4
uuid:b940a5e4-f4ed-4120-ba4e-70f858b86dfd,Plot_17,2,8
uuid:b940a5e4-f4ed-4120-ba4e-70f858b86dfd,Plot_17,3,10
uuid:b940a5e4-f4ed-4120-ba4e-70f858b86dfd,Plot_17,4,12
uuid:b940a5e4-f4ed-4120-ba4e-70f858b86dfd,Plot_17,5,13
uuid:b940a5e4-f4ed-4120-ba4e-70f858b86dfd,Plot_17,6,13
uuid:b940a5e4-f4ed-4120-ba4e-70f858b86dfd,Plot_17,7,13
uuid:b940a5e4-f4ed-4120-ba4e-70f858b86dfd,Plot_17,8,16
uuid:b940a5e4-f4ed-4120-ba4e-70f858b86dfd,Plot_17,9,16
uuid:b940a5e4-f4ed-4120-ba4e-70f858b86dfd,Plot_17,10,16
uuid:b940a5e4-f4ed-4120-ba4e-70f858b86dfd,Plot_17,11,18
uuid:b940a5e4-f4ed-4120-ba4e-70f858b86dfd,Plot_17,12,18
uuid:b940a5e4-f4ed-4120-ba4e-70f858b86dfd,Plot_17,13,20
uuid:b940a5e4-f4ed-4120-ba4e-70f858b86dfd,Plot_17,14,20
uuid:b940a5e4-f4ed-4120-ba4e-70f858b86dfd,Plot_17,15,20
uuid:b940a5e4-f4ed-4120-ba4e-70f858b86dfd,Plot_17,16,20
uuid:b940a5e4-f4ed-4120-ba4e-70f858b86dfd,Plot_17,17,21
uuid:b940a5e4-f4ed-4120-ba4e-70f858b86dfd,Plot_17,18,21
uuid:b940a5e4-f4ed-4120-ba4e-70f858b86dfd,Plot_17,19,21
uuid:b940a5e4-f4ed-4120-ba4e-70f858b86dfd,Plot_17,20,22
uuid:c17516f9-53dd-4fda-b4e6-e257068198b9,Plot_30,1,3
uuid:c17516f9-53dd-4fda-b4e6-e257068198b9,Plot_30,2,5
uuid:c17516f9-53dd-4fda-b4e6-e257068198b9,Plot_30,3,5
uuid:c17516f9-53dd-4fda-b4e6-e257068198b9,Plot_30,4,7
uuid:c17516f9-53dd-4fda-b4e6-e257068198b9,Plot_30,5,8
uuid:c17516f9-53dd-4fda-b4e6-e257068198b9,Plot_30,6,10
uuid:c17516f9-53dd-4fda-b4e6-e257068198b9,Plot_30,7,13
uuid:c17516f9-53dd-4fda-b4e6-e257068198b9,Plot_30,8,15
uuid:c17516f9-53dd-4fda-b4e6-e257068198b9,Plot_30,9,16
uuid:c17516f9-53dd-4fda-b4e6-e257068198b9,Plot_30,10,16
uuid:c17516f9-53dd-4fda-b4e6-e257068198b9,Plot_30,11,16
uuid:c17516f9-53dd-4fda-b4e6-e257068198b9,Plot_30,12,17
uuid:c17516f9-53dd-4fda-b4e6-e257068198b9,Plot_30,13,18
uuid:c17516f9-53dd-4fda-b4e6-e257068198b9,Plot_30,14,19
uuid:c17516f9-53dd-4fda-b4e6-e257068198b9,Plot_30,15,19
uuid:c17516f9-53dd-4fda-b4e6-e257068198b9,Plot_30,16,22
uuid:c17516f9-53dd-4fda-b4e6-e257068198b9,Plot_30,17,22
uuid:c17516f9-53dd-4fda-b4e6-e257068198b9,Plot_30,18,23
uuid:c17516f9-53dd-4fda-b4e6-e257068198b9,Plot_30,19,24
uuid:c17516f9-53dd-4fda-b4e6-e257068198b9,Plot_30,20,24
uuid:c4ea3469-7e1c-474a-9ce6-fc1926e590e2,Plot_28,1,2
uuid:c4ea3469-7e1c-474a-9ce6-fc1926e590e2,Plot_28,2,6
uuid:c4ea3469-7e1c-474a-9ce6-fc1926e590e2,Plot_28,3,8
uuid:c4ea3469-7e1c-474a-9ce6-fc1926e590e2,Plot_28,4,9
uuid:c4ea3469-7e1c-474a-9ce6-fc1926e590e2,Plot_28,5,11
uuid:c4ea3469-7e1c-474a-9ce6-fc1926e590e2,Plot_28,6,14
uuid:c4ea3469-7e1c-474a-9ce6-fc1926e590e2,Plot_28,7,14
uuid:c4ea3469-7e1c-474a-9ce6-fc1926e590e2,Plot_28,8,14
uuid:c4ea3469-7e1c-474a-9ce6-fc1926e590e2,Plot_28,9,15
uuid:c4ea3469-7e1c-474a-9ce6-fc1926e590e2,Plot_28,10,16
uuid:c4ea3469-7e1c-474a-9ce6-fc1926e590e2,Plot_28,11,17
uuid:c4ea3469-7e1c-474a-9ce6-fc1926e590e2,Plot_28,12,18
uuid:c4ea3469-7e1c-474a-9ce6-fc1926e590e2,Plot_28,13,18
uuid:c4ea3469-7e1c-474a-9ce6-fc1926e590e2,Plot_28,14,20
uuid:c4ea3469-7e1c-474a-9ce6-fc1926e590e2,Plot_28,15,20
uuid:c4ea3469-7e1c-474a-9ce6-fc1926e590e2,Plot_28,16,22
uuid:c4ea3469-7e1c-474a-9ce6-fc1926e590e2,Plot_28,17,22
uuid:c4ea3469-7e1c-474a-9ce6-fc1926e590e2,Plot_28,18,22
uuid:c4ea3469-7e1c-474a-9ce6-fc1926e590e2,Plot_28,19,22
uuid:c4ea3469-7e1c-474a-9ce6-fc1926e590e2,Plot_28,20,22
uuid:c803a008-7014-4a4e-a485-68e1d90d767c,Plot_27,1,5
uuid:c803a008-7014-4a4e-a485-68e1d90d767c,Plot_27,2,10
uuid:c803a008-7014-4a4e-a485-68e1d90d767c,Plot_27,3,10
uuid:c803a008-7014-4a4e-a485-68e1d90d767c,Plot_27,4,11
uuid:c803a008-7014-4a4e-a485-68e1d90d767c,Plot_27,5,11
uuid:c803a008-7014-4a4e-a485-68e1d90d767c,Plot_27,6,11
uuid:c803a008-7014-4a4e-a485-68e1d90d767c,Plot_27,7,13
uuid:c803a008-7014-4a4e-a485-68e1d90d767c,Plot_27,8,16
uuid:c803a008-7014-4a4e-a485-68e1d90d767c,Plot_27,9,16
uuid:c803a008-7014-4a4e-a485-68e1d90d767c,Plot_27,10,17
uuid:c803a008-7014-4a4e-a485-68e1d90d767c,Plot_27,11,18
uuid:c803a008-7014-4a4e-a485-68e1d90d767c,Plot_27,12,18
uuid:c803a008-7014-4a4e-a485-68e1d90d767c,Plot_27,13,18
uuid:c803a008-7014-4a4e-a485-68e1d90d767c,Plot_27,14,19
uuid:c803a008-7014-4a4e-a485-68e1d90d767c,Plot_27,15,19
uuid:c803a008-7014-4a4e-a485-68e1d90d767c,Plot_27,16,20
uuid:c803a008-7014-4a4e-a485-68e1d90d767c,Plot_27,17,20
uuid:c803a008-7014-4a4e-a485-68e1d90d767c,Plot_27,18,20
uuid:c803a008-7014-4a4e-a485-68e1d90d767c,Plot_27,19,22
uuid:c803a008-7014-4a4e-a485-68e1d90d767c,Plot_27,20,22
uuid:ce4f999d-8849-42a9-a870-1205d47b1903,Plot_22,1,5
uuid:ce4f999d-8849-42a9-a870-1205d47b1903,Plot_22,2,7
uuid:ce4f999d-8849-42a9-a870-1205d47b1903,Plot_22,3,9
uuid:ce4f999d-8849-42a9-a870-1205d47b1903,Plot_22,4,11
uuid:ce4f999d-8849-42a9-a870-1205d47b1903,Plot_22,5,13
uuid:ce4f999d-8849-42a9-a870-1205d47b1903,Plot_22,6,14
uuid:ce4f999d-8849-42a9-a870-1205d47b1903,Plot_22,7,15
uuid:ce4f999d-8849-42a9-a870-1205d47b1903,Plot_22,8,16
uuid:ce4f999d-8849-42a9-a870-1205d47b1903,Plot_22,9,16
uuid:ce4f999d-8849-42a9-a870-1205d47b1903,Plot_22,10,16
uuid:ce4f999d-8849-42a9-a870-1205d47b1903,Plot_22,11,17
uuid:ce4f999d-8849-42a9-a870-1205d47b1903,Plot_22,12,17
uuid:ce4f999d-8849-42a9-a870-1205d47b1903,Plot_22,13,17
uuid:ce4f999d-8849-42a9-a870-1205d47b1903,Plot_22,14,17
uuid:ce4f999d-8849-42a9-a870-1205d47b1903,Plot_22,15,19
uuid:ce4f999d-8849-42a9-a870-1205d47b1903,Plot_22,16,19
uuid:ce4f999d-8849-42a9-a870-1205d47b1903,Plot_22,17,20
uuid:ce4f999d-8849-42a9-a870-1205d47b1903,Plot_22,18,20
uuid:ce4f999d-8849-42a9-a870-1205d47b1903,Plot_22,19,20
uuid:ce4f999d-8849-42a9-a870-1205d47b1903,Plot_22,20,20
uuid:cf362fbc-991a-4db1-8d49-6c1d29fd49c8,Plot_18,1,3
uuid:cf362fbc-991a-4db1-8d49-6c1d29fd49c8,Plot_18,2,6
uuid:cf362fbc-991a-4db1-8d49-6c1d29fd49c8,Plot_18,3,9
uuid:cf362fbc-991a-4db1-8d49-6c1d29fd49c8,Plot_18,4,12
uuid:cf362fbc-991a-4db1-8d49-6c1d29fd49c8,Plot_18,5,12
uuid:cf362fbc-991a-4db1-8d49-6c1d29fd49c8,Plot_18,6,13
uuid:cf362fbc-991a-4db1-8d49-6c1d29fd49c8,Plot_18,7,14
uuid:cf362fbc-991a-4db1-8d49-6c1d29fd49c8,Plot_18,8,16
uuid:cf362fbc-991a-4db1-8d49-6c1d29fd49c8,Plot_18,9,19
uuid:cf362fbc-991a-4db1-8d49-6c1d29fd49c8,Plot_18,10,19
uuid:cf362fbc-991a-4db1-8d49-6c1d29fd49c8,Plot_18,11,21
uuid:cf362fbc-991a-4db1-8d49-6c1d29fd49c8,Plot_18,12,21
uuid:cf362fbc-991a-4db1-8d49-6c1d29fd49c8,Plot_18,13,22
uuid:cf362fbc-991a-4db1-8d49-6c1d29fd49c8,Plot_18,14,22
uuid:cf362fbc-991a-4db1-8d49-6c1d29fd49c8,Plot_18,15,22
uuid:cf362fbc-991a-4db1-8d49-6c1d29fd49c8,Plot_18,16,22
uuid:cf362fbc-991a-4db1-8d49-6c1d29fd49c8,Plot_18,17,25
uuid:cf362fbc-991a-4db1-8d49-6c1d29fd49c8,Plot_18,18,27
uuid:cf362fbc-991a-4db1-8d49-6c1d29fd49c8,Plot_18,19,28
uuid:cf362fbc-991a-4db1-8d49-6c1d29fd49c8,Plot_18,20,28
uuid:dae71a1b-a6f9-4a6d-a7e5-8ffbb89fad6f,Plot_46,1,2
uuid:dae71a1b-a6f9-4a6d-a7e5-8ffbb89fad6f,Plot_46,2,3
uuid:dae71a1b-a6f9-4a6d-a7e5-8ffbb89fad6f,Plot_46,3,4
uuid:dae71a1b-a6f9-4a6d-a7e5-8ffbb89fad6f,Plot_46,4,5
uuid:dae71a1b-a6f9-4a6d-a7e5-8ffbb89fad6f,Plot_46,5,5
uuid:dae71a1b-a6f9-4a6d-a7e5-8ffbb89fad6f,Plot_46,6,6
uuid:dae71a1b-a6f9-4a6d-a7e5-8ffbb89fad6f,Plot_46,7,6
uuid:dae71a1b-a6f9-4a6d-a7e5-8ffbb89fad6f,Plot_46,8,6
uuid:dae71a1b-a6f9-4a6d-a7e5-8ffbb89fad6f,Plot_46,9,7
uuid:dae71a1b-a6f9-4a6d-a7e5-8ffbb89fad6f,Plot_46,10,7
uuid:dae71a1b-a6f9-4a6d-a7e5-8ffbb89fad6f,Plot_46,11,7
uuid:dae71a1b-a6f9-4a6d-a7e5-8ffbb89fad6f,Plot_46,12,7
uuid:dae71a1b-a6f9-4a6d-a7e5-8ffbb89fad6f,Plot_46,13,7
uuid:dae71a1b-a6f9-4a6d-a7e5-8ffbb89fad6f,Plot_46,14,7
uuid:dae71a1b-a6f9-4a6d-a7e5-8ffbb89fad6f,Plot_46,15,7
uuid:dae71a1b-a6f9-4a6d-a7e5-8ffbb89fad6f,Plot_46,16,7
uuid:dae71a1b-a6f9-4a6d-a7e5-8ffbb89fad6f,Plot_46,17,8
uuid:dae71a1b-a6f9-4a6d-a7e5-8ffbb89fad6f,Plot_46,18,8
uuid:dae71a1b-a6f9-4a6d-a7e5-8ffbb89fad6f,Plot_46,19,8
uuid:dae71a1b-a6f9-4a6d-a7e5-8ffbb89fad6f,Plot_46,20,8
uuid:e63b6ad6-7893-4cca-a1db-00fbde18a2aa,Plot_02,1,1
uuid:e63b6ad6-7893-4cca-a1db-00fbde18a2aa,Plot_02,2,3
uuid:e63b6ad6-7893-4cca-a1db-00fbde18a2aa,Plot_02,3,5
uuid:e63b6ad6-7893-4cca-a1db-00fbde18a2aa,Plot_02,4,8
uuid:e63b6ad6-7893-4cca-a1db-00fbde18a2aa,Plot_02,5,8
uuid:e63b6ad6-7893-4cca-a1db-00fbde18a2aa,Plot_02,6,9
uuid:e63b6ad6-7893-4cca-a1db-00fbde18a2aa,Plot_02,7,10
uuid:e63b6ad6-7893-4cca-a1db-00fbde18a2aa,Plot_02,8,11
uuid:e63b6ad6-7893-4cca-a1db-00fbde18a2aa,Plot_02,9,11
uuid:e63b6ad6-7893-4cca-a1db-00fbde18a2aa,Plot_02,10,12
uuid:e63b6ad6-7893-4cca-a1db-00fbde18a2aa,Plot_02,11,13
uuid:e63b6ad6-7893-4cca-a1db-00fbde18a2aa,Plot_02,12,13
uuid:e63b6ad6-7893-4cca-a1db-00fbde18a2aa,Plot_02,13,14
uuid:e63b6ad6-7893-4cca-a1db-00fbde18a2aa,Plot_02,14,15
uuid:e63b6ad6-7893-4cca-a1db-00fbde18a2aa,Plot_02,15,15
uuid:e63b6ad6-7893-4cca-a1db-00fbde18a2aa,Plot_02,16,16
uuid:e63b6ad6-7893-4cca-a1db-00fbde18a2aa,Plot_02,17,16
uuid:e63b6ad6-7893-4cca-a1db-00fbde18a2aa,Plot_02,18,18
uuid:e63b6ad6-7893-4cca-a1db-00fbde18a2aa,Plot_02,19,18
uuid:e63b6ad6-7893-4cca-a1db-00fbde18a2aa,Plot_02,20,18
uuid:e7de35f0-a715-47f1-885f-fd5a0d9a2907,Plot_12,1,7
uuid:e7de35f0-a715-47f1-885f-fd5a0d9a2907,Plot_12,2,13
uuid:e7de35f0-a715-47f1-885f-fd5a0d9a2907,Plot_12,3,16
uuid:e7de35f0-a715-47f1-885f-fd5a0d9a2907,Plot_12,4,20
uuid:e7de35f0-a715-47f1-885f-fd5a0d9a2907,Plot_12,5,21
uuid:e7de35f0-a715-47f1-885f-fd5a0d9a2907,Plot_12,6,23
uuid:e7de35f0-a715-47f1-885f-fd5a0d9a2907,Plot_12,7,24
uuid:e7de35f0-a715-47f1-885f-fd5a0d9a2907,Plot_12,8,25
uuid:e7de35f0-a715-47f1-885f-fd5a0d9a2907,Plot_12,9,28
uuid:e7de35f0-a715-47f1-885f-fd5a0d9a2907,Plot_12,10,29
uuid:e7de35f0-a715-47f1-885f-fd5a0d9a2907,Plot_12,11,29
uuid:e7de35f0-a715-47f1-885f-fd5a0d9a2907,Plot_12,12,30
uuid:e7de35f0-a715-47f1-885f-fd5a0d9a2907,Plot_12,13,32
uuid:e7de35f0-a715-47f1-885f-fd5a0d9a2907,Plot_12,14,32
uuid:e7de35f0-a715-47f1-885f-fd5a0d9a2907,Plot_12,15,32
uuid:e7de35f0-a715-47f1-885f-fd5a0d9a2907,Plot_12,16,34
uuid:e7de35f0-a715-47f1-885f-fd5a0d9a2907,Plot_12,17,34
uuid:e7de35f0-a715-47f1-885f-fd5a0d9a2907,Plot_12,18,34
uuid:e7de35f0-a715-47f1-885f-fd5a0d9a2907,Plot_12,19,35
uuid:e7de35f0-a715-47f1-885f-fd5a0d9a2907,Plot_12,20,35
uuid:ebe93f04-c927-4af3-9668-21b6540c01ea,Plot_13,1,3
uuid:ebe93f04-c927-4af3-9668-21b6540c01ea,Plot_13,2,7
uuid:ebe93f04-c927-4af3-9668-21b6540c01ea,Plot_13,3,8
uuid:ebe93f04-c927-4af3-9668-21b6540c01ea,Plot_13,4,8
uuid:ebe93f04-c927-4af3-9668-21b6540c01ea,Plot_13,5,9
uuid:ebe93f04-c927-4af3-9668-21b6540c01ea,Plot_13,6,9
uuid:ebe93f04-c927-4af3-9668-21b6540c01ea,Plot_13,7,9
uuid:ebe93f04-c927-4af3-9668-21b6540c01ea,Plot_13,8,9
uuid:ebe93f04-c927-4af3-9668-21b6540c01ea,Plot_13,9,10
uuid:ebe93f04-c927-4af3-9668-21b6540c01ea,Plot_13,10,10
uuid:ebe93f04-c927-4af3-9668-21b6540c01ea,Plot_13,11,10
uuid:ebe93f04-c927-4af3-9668-21b6540c01ea,Plot_13,12,10
uuid:ebe93f04-c927-4af3-9668-21b6540c01ea,Plot_13,13,12
uuid:ebe93f04-c927-4af3-9668-21b6540c01ea,Plot_13,14,12
uuid:ebe93f04-c927-4af3-9668-21b6540c01ea,Plot_13,15,12
uuid:ebe93f04-c927-4af3-9668-21b6540c01ea,Plot_13,16,13
uuid:ebe93f04-c927-4af3-9668-21b6540c01ea,Plot_13,17,13
uuid:ebe93f04-c927-4af3-9668-21b6540c01ea,Plot_13,18,13
uuid:ebe93f04-c927-4af3-9668-21b6540c01ea,Plot_13,19,13
uuid:ebe93f04-c927-4af3-9668-21b6540c01ea,Plot_13,20,13
uuid:ef5c5535-1739-481b-af66-71061de5dcd2,Plot_24,1,2
uuid:ef5c5535-1739-481b-af66-71061de5dcd2,Plot_24,2,5
uuid:ef5c5535-1739-481b-af66-71061de5dcd2,Plot_24,3,6
uuid:ef5c5535-1739-481b-af66-71061de5dcd2,Plot_24,4,6
uuid:ef5c5535-1739-481b-af66-71061de5dcd2,Plot_24,5,6
uuid:ef5c5535-1739-481b-af66-71061de5dcd2,Plot_24,6,6
uuid:ef5c5535-1739-481b-af66-71061de5dcd2,Plot_24,7,8
uuid:ef5c5535-1739-481b-af66-71061de5dcd2,Plot_24,8,8
uuid:ef5c5535-1739-481b-af66-71061de5dcd2,Plot_24,9,8
uuid:ef5c5535-1739-481b-af66-71061de5dcd2,Plot_24,10,8
uuid:ef5c5535-1739-481b-af66-71061de5dcd2,Plot_24,11,8
uuid:ef5c5535-1739-481b-af66-71061de5dcd2,Plot_24,12,8
uuid:ef5c5535-1739-481b-af66-71061de5dcd2,Plot_24,13,9
uuid:ef5c5535-1739-481b-af66-71061de5dcd2,Plot_24,14,9
uuid:ef5c5535-1739-481b-af66-71061de5dcd2,Plot_24,15,9
uuid:ef5c5535-1739-481b-af66-71061de5dcd2,Plot_24,16,10
uuid:ef5c5535-1739-481b-af66-71061de5dcd2,Plot_24,17,11
uuid:ef5c5535-1739-481b-af66-71061de5dcd2,Plot_24,18,11
uuid:ef5c5535-1739-481b-af66-71061de5dcd2,Plot_24,19,11
uuid:ef5c5535-1739-481b-af66-71061de5dcd2,Plot_24,20,11
uuid:fdf5f121-0a7f-4769-85bb-4717e0361eb4,Plot_14,1,5
uuid:fdf5f121-0a7f-4769-85bb-4717e0361eb4,Plot_14,2,7
uuid:fdf5f121-0a7f-4769-85bb-4717e0361eb4,Plot_14,3,7
uuid:fdf5f121-0a7f-4769-85bb-4717e0361eb4,Plot_14,4,7
uuid:fdf5f121-0a7f-4769-85bb-4717e0361eb4,Plot_14,5,7
uuid:fdf5f121-0a7f-4769-85bb-4717e0361eb4,Plot_14,6,9
uuid:fdf5f121-0a7f-4769-85bb-4717e0361eb4,Plot_14,7,10
uuid:fdf5f121-0a7f-4769-85bb-4717e0361eb4,Plot_14,8,10
uuid:fdf5f121-0a7f-4769-85bb-4717e0361eb4,Plot_14,9,11
uuid:fdf5f121-0a7f-4769-85bb-4717e0361eb4,Plot_14,10,14
uuid:fdf5f121-0a7f-4769-85bb-4717e0361eb4,Plot_14,11,15
uuid:fdf5f121-0a7f-4769-85bb-4717e0361eb4,Plot_14,12,15
uuid:fdf5f121-0a7f-4769-85bb-4717e0361eb4,Plot_14,13,15
uuid:fdf5f121-0a7f-4769-85bb-4717e0361eb4,Plot_14,14,16
uuid:fdf5f121-0a7f-4769-85bb-4717e0361eb4,Plot_14,15,17
uuid:fdf5f121-0a7f-4769-85bb-4717e0361eb4,Plot_14,16,17
uuid:fdf5f121-0a7f-4769-85bb-4717e0361eb4,Plot_14,17,17
uuid:fdf5f121-0a7f-4769-85bb-4717e0361eb4,Plot_14,18,17
uuid:fdf5f121-0a7f-4769-85bb-4717e0361eb4,Plot_14,19,17
uuid:fdf5f121-0a7f-4769-85bb-4717e0361eb4,Plot_14,20,18
