plot_name,centroid_entity_id,sample_status,stratum,design_year,design_lat,design_lon,linked_flag_in_entity,registered,registered_viable,surveyed
SavMon_LW_Plot_46,9b4a3681-b610-42f8-abbe-a5fb4da4892a,backup,savanna,2026.0,0.2693616,37.4967625,yes,True,True,True
SavMon_LW_Plot_45,6f9fe42d-d061-4c2c-918f-ab2a4d82d150,backup,savanna,2026.0,0.2182889,37.4838094,,False,False,False
SavMon_LW_Plot_44,b835587e-f41c-4050-801a-ce59ca85e657,backup,savanna,2026.0,0.2266391,37.4397295,,False,False,False
SavMon_LW_Plot_43,99b4f646-5025-4c30-b39f-51aa604373f4,backup,savanna,2026.0,0.2342764,37.4001234,,False,False,False
SavMon_LW_Plot_42,112588c7-1324-413f-a2c9-a4b2cec98c0b,backup,savanna,2026.0,0.2196365,37.4780622,,False,False,False
SavMon_LW_Plot_41,bc6e97c7-8bfe-4351-b0aa-d91638c297d8,backup,savanna,2026.0,0.2364091,37.4288058,,False,False,False
SavMon_LW_Plot_40,7fa5f4ec-318b-4ad4-90d0-b4adca4ed218,backup,savanna,2026.0,0.2260456,37.3568228,,False,False,False
SavMon_LW_Plot_39,0d0f796b-1070-4e85-b947-11cba2c8b7e6,backup,savanna,2026.0,0.2405294,37.4294111,,False,False,False
SavMon_LW_Plot_38,40014650-2ec1-4be5-b929-b0b9cacdedca,backup,savanna,2026.0,0.2357106,37.3911804,,False,False,False
SavMon_LW_Plot_37,fdd03214-7ef1-495c-a7f7-f9905b0ac699,backup,savanna,2026.0,0.2743851,37.4865113,,False,False,False
SavMon_LW_Plot_29,5fc30b9c-edc3-410d-8eb9-e9eceb8526dc,primary,savanna,2026.0,0.2266384,37.4607767,yes,True,True,True
SavMon_LW_Plot_28,199afebb-92ab-4fa5-bda0-b3ff4d3f6c4c,primary,savanna,2026.0,0.2341812,37.4033148,yes,True,True,True
SavMon_LW_Plot_27,b58271e9-c6d1-44f9-9286-0245b2e30a69,primary,savanna,2026.0,0.2174808,37.4914745,yes,True,True,True
SavMon_LW_Plot_26,fb648edf-3606-4436-8f7d-9e8083e47744,primary,savanna,2026.0,0.217576,37.4882832,yes,True,True,True
SavMon_LW_Plot_25,9c3b305a-542d-4b5c-ad4d-fd1ca26cf5a4,primary,savanna,2026.0,0.2190201,37.4372502,yes,True,True,True
SavMon_LW_Plot_24,b3abd35a-ee0e-4149-86b8-c0d41dc545b8,primary,savanna,2026.0,0.2333732,37.4109799,yes,True,True,True
SavMon_LW_Plot_23,b4bc7234-ca9b-4aeb-81ea-4fc30142306d,primary,savanna,2026.0,0.2378282,37.4830092,yes,True,False,False
SavMon_LW_Plot_21,da09c7a5-a9ba-49c8-9e74-7d262e6b7eb4,primary,savanna,2026.0,0.2255586,37.4569639,yes,True,True,True
SavMon_LW_Plot_20,fd58af75-587c-4635-a7ca-1fd24ee00b2f,primary,savanna,2026.0,0.2347983,37.4230795,yes,True,True,True
SavMon_LW_Plot_19,660f5446-1622-40f1-b3b0-0d2dcf623530,primary,savanna,2026.0,0.2191868,37.4940094,yes,True,True,True
SavMon_LW_Plot_18,477053f7-b110-411b-abe4-5b6aadf57ab0,primary,savanna,2026.0,0.2225142,37.4391335,yes,True,True,True
SavMon_LW_Plot_17,1d979a81-a11a-43de-85de-7367754879ba,primary,savanna,2026.0,0.2324023,37.3829238,yes,True,True,True
SavMon_LW_Plot_16,40b5b142-18e5-45da-afa8-4837f520f2cf,primary,savanna,2026.0,0.2195459,37.4812442,yes,True,True,True
SavMon_LW_Plot_15,d20f4c50-e5e8-46d7-9b55-2228ff5f92fb,primary,savanna,2026.0,0.2347116,37.4262754,yes,True,True,True
SavMon_LW_Plot_13,8ec46daa-1087-4d15-b103-f34f36089718,primary,savanna,2026.0,0.2343585,37.3969368,yes,True,True,True
SavMon_LW_Plot_11,d5645424-6bd7-4ccb-8c86-821984f00e5c,primary,savanna,2026.0,0.2223278,37.4665541,yes,True,True,True
SavMon_LW_Plot_07,a9736eb5-344d-4615-8f2e-e73f38e4e124,primary,savanna,2026.0,0.231658,37.4294877,yes,True,True,True
SavMon_LW_Plot_06,6af30a65-e02d-41ca-ad67-c426c219db54,primary,savanna,2026.0,0.2315995,37.3695323,yes,True,True,True
SavMon_LW_Plot_05,68a92b1d-cd91-42f8-a4ac-582d2b2d3e30,primary,savanna,2026.0,0.2731281,37.4890765,yes,True,True,True
SavMon_LW_Plot_04,eab2feb8-72b1-491f-9223-ad5285d2d6db,primary,savanna,2026.0,0.2255678,37.4359212,yes,True,True,True
SavMon_LW_Plot_02,449006e8-3cda-4659-b7db-b892d3aa0320,primary,savanna,2026.0,0.2340861,37.4065061,yes,True,True,True
SavMon_LW_Plot_01,1de06e5f-ffea-4859-a9ea-d8892e47a9bf,primary,savanna,2026.0,0.2313134,37.4001536,yes,True,True,True
SavMon_LW_Plot_03,810aa56e-e50a-44ab-9ab8-42d1552c349a,primary,savanna,,0.2220553,37.4761233,yes,True,True,True
SavMon_LW_Plot_08,1920716b-0cc6-42b0-8ebf-90ece20050df,primary,savanna,,0.227747,37.3593671,yes,True,True,True
SavMon_LW_Plot_09,0dc3e2bd-b285-42d5-b047-ac5172a3b61b,primary,savanna,,0.2423936,37.4887007,yes,True,True,True
SavMon_LW_Plot_10,9dd50ef0-e5d2-4897-b6db-0c5804373b86,primary,savanna,,0.2196273,37.4991049,yes,True,True,True
SavMon_LW_Plot_12,887b967e-cfda-42f9-9762-85838f49c6c7,primary,savanna,,0.2297163,37.3733754,yes,True,True,True
SavMon_LW_Plot_14,af3dc968-e531-4f35-894a-a57c843c3a9a,primary,savanna,,0.2207025,37.502927,yes,True,True,True
SavMon_LW_Plot_22,042bc8a0-b02c-4046-bd2e-4efb8a8d655d,primary,savanna,,0.2233124,37.4735582,yes,True,True,True
SavMon_LW_Plot_30,8c172f11-fdb2-47bf-8c0b-1f34cd071afb,primary,savanna,,0.2208843,37.4965398,yes,True,True,True
SavMon_LW_Plot_31,7a0d8b93-b9b8-479c-a690-026ae83ec611,primary,shrubland,,0.2197087,37.5169656,,False,False,False
SavMon_LW_Plot_32,3d9e5124-f818-47d3-aae3-e5c237a244b0,primary,shrubland,,0.2381729,37.5123433,,False,False,False
SavMon_LW_Plot_33,513262f8-7b1d-42c4-921c-9377f26d9306,primary,shrubland,,0.2406869,37.507213,,False,False,False
SavMon_LW_Plot_34,ed4c4b99-e563-4763-9141-0fb4d333975f,primary,shrubland,,0.2853977,37.5151218,,False,False,False
SavMon_LW_Plot_35,ec3f32fb-b1ad-4d4d-ac8b-56ebc96178e6,primary,shrubland,,0.256637,37.507721,,False,False,False
SavMon_LW_Plot_36,f9ff2e56-32b4-4512-8aaf-82b373ad1ef4,primary,shrubland,,0.2771525,37.5139204,,False,False,False
SavMon_LW_Plot_47,25d70efd-1b17-4476-bb77-fce207913d49,backup,shrubland,,0.2316337,37.5136768,,False,False,False
SavMon_LW_Plot_48,5596dd8b-7613-4994-ac44-c777e114b87e,backup,shrubland,,0.2542142,37.509646,,False,False,False
SavMon_LW_Plot_49,2291b259-2230-4f18-b408-dea96bfc5ec5,backup,shrubland,,0.261293,37.5102304,,False,False,False
SavMon_LW_Plot_50,4ba077fe-f764-4e7d-a127-c47dda0de3b0,backup,shrubland,,0.2754511,37.5113761,,False,False,False
SavMon_LW_Plot_51,5972b8d9-054a-4d0c-9f26-64941789a703,backup,shrubland,,0.264256,37.5102002,,False,False,False
