plot,sample_status,is_viable,surveyed,ecosystem_type,canopy_structure,canopy_height_m,soil_type,disturbance,transect_length_m,polyline_length_m,midpoint_offset_m,midpoint_off_line_m,bearing_a_to_b_deg,geometry_flags,quadrats_off_transect,label_count,identity_count,identities_named,mean_identities_per_quadrat,shannon_identities
Plot_16,primary,yes,True,Scrub,closed,2.0,grey_sand,wildlife_disturbance human_or_livestock_disturbance,58.26281189025592,58.34928984869384,3.50966742152472,1.5750227551085645,100.37925134491792,2,0,23.0,23.0,20.0,4.5,2.7671302776784192
Plot_11,primary,yes,True,Scrub,open,2.0,grey_sand,wildlife_disturbance,42.47486394749715,48.21353604942794,11.580859109090008,11.290315087170772,107.8990833656955,1,4,25.0,25.0,23.0,3.6,3.030703467188504
Plot_29,primary,yes,True,Scrub,open,3.0,white_sand,wildlife_disturbance human_or_livestock_disturbance,61.81432444773564,62.8976123777698,8.313332235480837,5.815173886706746,104.948789403401,1,5,24.0,24.0,22.0,4.25,2.824296309474484
Plot_21,primary,yes,True,Scrub,open,1.0,beige_sand,wildlife_disturbance,44.79893461255168,45.961977437504835,13.790228744076424,5.035076126704888,97.76010069901622,1,1,30.0,30.0,26.0,4.65,3.1295725272652435
Plot_18,primary,yes,True,Scrub,open,3.0,beige_sand,wildlife_disturbance,45.69951201825157,45.773708444097,2.5882530461698305,1.298346547074544,113.63991312338555,0,1,28.0,28.0,23.0,3.6,3.001856391081483
Plot_25,primary,yes,True,Scrub,open,2.0,beige_sand,wildlife_disturbance,42.77754716510154,42.8687272375025,2.630786625788076,1.39568366251456,96.28267271196336,1,3,31.0,31.0,28.0,4.2,3.192276558499156
Plot_04,primary,yes,True,Forest,open,10.0,grey_sand,wildlife_disturbance,53.450241165379126,53.86427951459831,5.702818067969418,3.3352419134971223,109.54331649238112,0,5,20.0,21.0,15.0,2.6,2.756555860557385
Plot_07,primary,yes,True,Scrub,open,4.0,beige_sand,wildlife_disturbance,52.323599166972905,54.03081284313342,5.943446372048998,6.515211500419703,85.33136905086667,1,6,18.0,18.0,13.0,3.75,2.4905299114578434
Plot_15,primary,yes,True,Scrub,open,3.0,beige_sand,wildlife_disturbance human_or_livestock_disturbance,60.38746585571808,69.69019867609741,15.15395424300898,16.072184538527246,95.80197090416982,3,5,22.0,21.0,20.0,2.0,2.774706915791894
Plot_20,primary,yes,True,Scrub,open,2.0,grey_sand,none,45.08594638576814,46.57245338154176,4.591666061048226,5.832420219644408,104.9206132812431,0,1,17.0,17.0,17.0,2.8,2.5667200226357805
Plot_24,primary,yes,True,Scrub,open,3.0,grey_sand,none,50.62155501903465,52.128575646680225,6.159206893568721,6.228539520950269,93.0723448830401,0,0,11.0,11.0,10.0,1.9,1.7789805754414711
Plot_02,primary,yes,True,Scrub,open,2.0,grey_sand,none,53.84992038248541,61.86355958268897,13.291072400753023,15.07507794650492,102.6674996923124,1,3,19.0,18.0,17.0,2.5,2.6819771060740143
Plot_28,primary,yes,True,Scrub,closed,3.0,beige_sand,wildlife_disturbance human_or_livestock_disturbance,40.220455067899785,40.34730180461524,1.2009566849251012,1.5524819179554232,117.89005681831225,2,1,22.0,22.0,18.0,3.1,2.569528558139587
Plot_01,primary,yes,True,Scrub,open,3.0,beige_sand,none,63.24531439189249,63.42839880487479,11.411021070636169,2.4092225433929393,130.68674878173147,2,12,32.0,31.0,29.0,4.45,3.0625151542179188
Plot_13,primary,yes,True,Scrub,closed,2.0,white_sand,wildlife_disturbance,56.072859004103336,60.36774852016836,13.97302367427535,10.5332902900293,78.41143948578161,2,4,12.0,13.0,10.0,3.3,2.188501881468181
Plot_17,primary,yes,True,Scrub,open,4.0,grey_sand,wildlife_disturbance,49.64292395532379,52.74491516844762,23.854355109897167,8.570493588483187,81.90068488499014,2,2,22.0,22.0,16.0,3.8,2.667778194983805
Plot_06,primary,yes,True,Scrub,closed,3.0,grey_sand,none,48.42245292769879,48.481352816428455,4.307825463271247,1.1951998805924386,106.14612593119988,0,8,26.0,24.0,20.0,3.95,2.8008579693541167
Plot_46,backup,yes,True,Scrub,open,1.0,white_sand,human_or_livestock_disturbance,46.67450694589278,46.680130398824794,6.213038380229211,0.3626717032117139,101.72498482061644,0,2,9.0,8.0,7.0,2.05,1.6791225998487955
Plot_19,primary,yes,True,Scrub,open,2.0,beige_sand,wildlife_disturbance human_or_livestock_disturbance,22.645128459922603,23.036299295420022,3.6251722282598697,2.018774148299723,60.07347840967691,3,10,19.0,19.0,18.0,2.7,2.59225725670539
Plot_27,primary,yes,True,Scrub,closed,4.0,beige_sand,wildlife_disturbance human_or_livestock_disturbance,28.56999519553768,33.27153167809455,20.30374042294852,3.9578077766808937,56.39632852597532,3,13,22.0,22.0,19.0,3.65,2.880639266729855
Plot_26,primary,yes,True,Scrub,closed,3.0,grey_sand,wildlife_disturbance,50.451406699440234,50.68983680395501,7.711785238970595,2.3958558139941135,112.659837514068,0,3,23.0,24.0,20.0,3.2,2.9410508667124313
Plot_23,primary,no,False,,,,,,,,,,,0,0,,,,,
Plot_05,primary,yes,True,Scrub,open,2.0,beige_sand,wildlife_disturbance,45.982978181391424,47.3126730850033,19.98489017278422,5.512031116321416,116.62107601222556,1,19,17.0,16.0,15.0,2.15,2.3275831946336663
Plot_09,primary,yes,True,Scrub,open,4.0,grey_sand,human_or_livestock_disturbance wildlife_disturbance,45.722282627768834,46.469393410797046,5.348567607401172,4.09924781519745,77.92752069347813,0,2,29.0,27.0,23.0,4.5,2.925998270144328
Plot_14,primary,yes,True,Scrub,open,2.0,grey_sand,human_or_livestock_disturbance,44.047492100075424,44.21198113421559,33.56293315864946,1.6355205121026737,90.72321511992128,4,7,19.0,18.0,16.0,3.9,2.202984515801118
Plot_10,primary,yes,True,Scrub,open,2.0,beige_sand,wildlife_disturbance human_or_livestock_disturbance,57.4852417666246,57.89074811055787,10.157993171558662,3.4199449893010914,109.17458659441915,1,3,21.0,21.0,20.0,3.4,2.5743015637915585
Plot_30,primary,yes,True,Scrub,open,4.0,beige_sand,wildlife_disturbance human_or_livestock_disturbance,50.93784319407948,52.85896496089727,14.528194174379312,5.895001021580249,109.9896538875426,2,7,25.0,24.0,21.0,4.05,2.7889505593860715
Plot_03,primary,yes,True,Scrub,closed,4.0,beige_sand,wildlife_disturbance,57.47247605751917,57.73430879274166,5.308951329227909,2.637308179605272,106.91702701725649,2,3,15.0,15.0,8.0,2.15,2.3683551597840715
Plot_22,primary,yes,True,Scrub,open,4.0,grey_sand,human_or_livestock_disturbance,65.57846729727575,70.52081410544783,17.79131335508243,12.055922711644346,49.65560406555835,3,5,21.0,20.0,16.0,3.2,2.7516923337256327
Plot_12,primary,yes,True,Scrub,open,3.0,beige_sand,none,41.93747948984084,41.969699269818506,12.150023039774904,0.73201763798653,122.83492785428324,2,2,40.0,35.0,31.0,5.25,3.2377805454316855
Plot_08,primary,yes,True,Scrub,open,3.0,beige_sand,none,47.57572903308738,50.192990197542514,5.650111133521632,7.958537913873426,111.93087304199082,0,5,31.0,26.0,23.0,5.15,2.784479863060833
