plot_name,registration_key,centroid_entity_id,sample_status,stratum,is_viable,not_viable_reason,ecosystem_type,woody_present,dominant_woody,dominant_woody_unlisted,canopy_height_m,canopy_structure,soil_type,ground_cover,water_present,disturbance,a_lat,a_lon,a_accuracy_m,mid_lat,mid_lon,mid_accuracy_m,b_lat,b_lon,b_accuracy_m,registered_by,registered_start,registration_notes,registration_review_state,design_plot_name,design_lat,design_lon,design_sample_status,design_stratum,midpoint_offset_m,transect_length_m,a_to_mid_m,mid_to_b_m,polyline_length_m,midpoint_off_line_m,bearing_a_to_b_deg
SavMon_LW_Plot_16,uuid:4da4d2f1-30ce-4034-8650-8c3bcc94238b,40b5b142-18e5-45da-afa8-4837f520f2cf,primary,savanna,yes,,Scrub,yes,Vachellia tortilis,,2.0,closed,grey_sand,forbs non-dwarf_shrubs litter soil,no,wildlife_disturbance human_or_livestock_disturbance,0.2196114,37.4809857,3.7,0.2195439,37.4812757,3.6,0.219517,37.4815011,3.4,Sam,2026-05-26 14:35:41.501000+00:00,,,SavMon_LW_Plot_16,0.2195459,37.4812442,primary,savanna,3.50966742152472,58.26281189025592,33.10828050817456,25.241009340519287,58.34928984869384,1.5750227551085643,100.37925134491792
SavMon_LW_Plot_11,uuid:42e112f0-ff47-4c2d-96e0-5dac739a4ebc,d5645424-6bd7-4ccb-8c86-821984f00e5c,primary,savanna,yes,,Scrub,yes,Boscia coriacea,,2.0,open,grey_sand,grasses forbs non-dwarf_shrubs litter soil,no,wildlife_disturbance,0.2223891,37.4663654,4.65,0.2222239,37.4665469,3.25,0.2222717,37.4667289,2.15,Sam,2026-05-26 13:14:00.606000+00:00,,,SavMon_LW_Plot_11,0.2223278,37.4665541,primary,savanna,11.580859109090007,42.47486394749715,27.289870671442674,20.923665377985262,48.21353604942794,11.290315087170772,107.8990833656955
SavMon_LW_Plot_29,uuid:aee13ebb-38f8-492b-8810-79006cf3ff49,5fc30b9c-edc3-410d-8eb9-e9eceb8526dc,primary,savanna,yes,,Scrub,yes,"Mundulea sericea, Vachellia mellifera",,3.0,open,white_sand,grasses forbs litter soil,no,wildlife_disturbance human_or_livestock_disturbance,0.2267204,37.4604633,4.8,0.2267015,37.4607366,4.9,0.226577,37.4610004,4.2,Grace,2026-05-26 09:06:08.301000+00:00,,,SavMon_LW_Plot_29,0.2266384,37.4607767,primary,savanna,8.313332235480837,61.81432444773564,30.461916733418818,32.435695644350986,62.8976123777698,5.815173886706746,104.94878940340101
SavMon_LW_Plot_21,uuid:4c62be59-ad05-4498-b841-296533a3fdb0,da09c7a5-a9ba-49c8-9e74-7d262e6b7eb4,primary,savanna,yes,,Scrub,yes,"Vachellia tortilis, Boscia coriacea",,1.0,open,beige_sand,forbs non-dwarf_shrubs litter soil,no,wildlife_disturbance,0.2255781,37.4566835,3.5,0.2256014,37.4568475,4.4,0.2255237,37.4570827,4.4,Sam,2026-05-26 07:19:08.278000+00:00,,,SavMon_LW_Plot_21,0.2255586,37.4569639,primary,savanna,13.790228744076424,44.79893461255168,18.418953112447358,27.543024325057477,45.961977437504835,5.035076126704888,97.76010069901622
SavMon_LW_Plot_18,uuid:516a0163-e228-4ef5-971d-2ad33c7bad59,477053f7-b110-411b-abe4-5b6aadf57ab0,primary,savanna,yes,,Scrub,yes,"Terminalia brownii, Boscia coriacea",,3.0,open,beige_sand,soil litter forbs grasses,no,wildlife_disturbance,0.2226309,37.4389493,3.3,0.2225301,37.4391505,2.65,0.2224661,37.4393258,2.45,Sam,2026-05-25 14:31:23.295000+00:00,,,SavMon_LW_Plot_18,0.2225142,37.4391335,primary,savanna,2.5882530461698305,45.69951201825157,25.022927671586853,20.750780772510144,45.773708444097,1.2983465470745439,113.63991312338555
SavMon_LW_Plot_25,uuid:390db35c-e1f2-4115-9a2c-92a9677afdd6,9c3b305a-542d-4b5c-ad4d-fd1ca26cf5a4,primary,savanna,yes,,Scrub,yes,"Boscia coriacea, Terminalia brownii",,2.0,open,beige_sand,grasses soil litter forbs,no,wildlife_disturbance,0.2190527,37.4370378,4.4,0.2190427,37.4372432,2.85,0.2190106,37.4374202,4.1,Sam,2026-05-25 13:13:24.505000+00:00,,,SavMon_LW_Plot_25,0.2190201,37.4372502,primary,savanna,2.630786625788076,42.77754716510154,22.86632309610007,20.002404141402423,42.8687272375025,1.3956836625145599,96.28267271196336
SavMon_LW_Plot_04,uuid:9189ca4f-4f34-40c5-ac4a-2915db37b2b9,eab2feb8-72b1-491f-9223-ad5285d2d6db,primary,savanna,yes,,Forest,yes,Vachellia tortilis,,10.0,open,grey_sand,grasses forbs soil standing_npv non-dwarf_shrubs,no,wildlife_disturbance,0.2256274,37.4356901,2.2,0.2255211,37.4359,2.4,0.2254666,37.4361431,4.7,Grace,2026-05-24 14:46:42.072000+00:00,,,SavMon_LW_Plot_04,0.2255678,37.4359212,primary,savanna,5.702818067969418,53.450241165379126,26.16202237647521,27.7022571381231,53.86427951459831,3.3352419134971223,109.54331649238111
SavMon_LW_Plot_07,uuid:290bbab8-cfb1-4169-8ff6-0722f274272c,a9736eb5-344d-4615-8f2e-e73f38e4e124,primary,savanna,yes,,Scrub,yes,Vachellia tortilis,,4.0,open,beige_sand,grasses forbs standing_npv soil,no,wildlife_disturbance,0.2315464,37.4291504,2.7,0.231629,37.4294428,2.7,0.2315847,37.4296194,4.2,Grace,2026-05-24 13:03:03.424000+00:00,,,SavMon_LW_Plot_07,0.231658,37.4294877,primary,savanna,5.943446372048998,52.323599166972905,33.78553560353042,20.245277239602995,54.03081284313342,6.515211500419703,85.33136905086667
SavMon_LW_Plot_15,uuid:f3c53f47-2650-4ecc-b654-a2b481d0290b,d20f4c50-e5e8-46d7-9b55-2228ff5f92fb,primary,savanna,yes,,Scrub,yes,Vachellia mellifera,,3.0,open,beige_sand,soil litter forbs grasses,no,wildlife_disturbance human_or_livestock_disturbance,0.2347411,37.4258433,4.0,0.2348451,37.426248,4.0,0.2346862,37.4263836,2.45,Sam,2026-05-24 11:06:26.869000+00:00,,,SavMon_LW_Plot_15,0.2347116,37.4262754,primary,savanna,15.15395424300898,60.387465855718084,46.46236329264328,23.22783538345413,69.69019867609741,16.072184538527246,95.80197090416982
SavMon_LW_Plot_20,uuid:e05e784d-5627-47e1-9791-479ff2498cf0,fd58af75-587c-4635-a7ca-1fd24ee00b2f,primary,savanna,yes,,Scrub,yes,Terminalia brownii,,2.0,open,grey_sand,grasses forbs standing_npv soil non-dwarf_shrubs,no,none,0.2349019,37.4228681,3.1,0.2348023,37.4230384,3.1,0.2347975,37.4232599,5.0,Sam,2026-05-24 09:47:04.781000+00:00,,,SavMon_LW_Plot_20,0.2347983,37.4230795,primary,savanna,4.591666061048226,45.08594638576814,21.937201433762787,24.63525194777898,46.57245338154176,5.832420219644408,104.9206132812431
SavMon_LW_Plot_24,uuid:0924e3b4-c409-4cb4-92b3-c2ccf485f115,b3abd35a-ee0e-4149-86b8-c0d41dc545b8,primary,savanna,yes,,Scrub,yes,Terminalia brownii,,3.0,open,grey_sand,grasses forbs standing_npv non-dwarf_shrubs soil,no,none,0.2333662,37.4107934,3.15,0.23341,37.4110213,3.15,0.2333418,37.411248,3.0,Grace,2026-05-24 08:56:24.472000+00:00,,,SavMon_LW_Plot_24,0.2333732,37.4109799,primary,savanna,6.159206893568721,50.62155501903465,25.80488763444509,26.323688012235134,52.128575646680225,6.228539520950269,93.0723448830401
SavMon_LW_Plot_02,uuid:b9955180-d4c9-416e-8432-c6ac3da7c57d,449006e8-3cda-4659-b7db-b892d3aa0320,primary,savanna,yes,,Scrub,yes,"Terminalia brownii, Combretum aculeatum",,2.0,open,grey_sand,grasses forbs standing_npv soil,no,none,0.2341719,37.4062615,2.4,0.2339957,37.4064279,4.933,0.2340657,37.406734,2.4,Grace,2026-05-24 06:53:42.879000+00:00,,,SavMon_LW_Plot_02,0.2340861,37.4065061,primary,savanna,13.291072400753023,53.84992038248541,26.948415160749157,34.915144421939814,61.86355958268897,15.075077946504921,102.66749969231239
SavMon_LW_Plot_28,uuid:e1b3fdd6-c3f0-4bb1-9b7e-0e147b77d880,199afebb-92ab-4fa5-bda0-b3ff4d3f6c4c,primary,savanna,yes,,Scrub,yes,"Terminalia brownii, Combretum collinum",,3.0,closed,beige_sand,grasses forbs non-dwarf_shrubs soil,no,wildlife_disturbance human_or_livestock_disturbance,0.2342437,37.4031872,3.8,0.234192,37.4033147,3.0,0.2340745,37.4035069,4.66,Sam,2026-05-23 13:18:10.967000+00:00,,,SavMon_LW_Plot_28,0.2341812,37.4033148,primary,savanna,1.2009566849251012,40.220455067899785,15.298445300677662,25.048856503937582,40.34730180461524,1.5524819179554232,117.89005681831225
SavMon_LW_Plot_01,uuid:207c4824-1814-4af9-a53b-a33a7fd6ace4,1de06e5f-ffea-4859-a9ea-d8892e47a9bf,primary,savanna,yes,,Scrub,yes,Terminalia brownii,,3.0,open,beige_sand,grasses forbs standing_npv soil,no,none,0.2315323,37.4000094,3.3,0.231357,37.4002465,4.88,0.2311615,37.4004407,3.2,Grace,2026-05-23 11:43:39.779000+00:00,,,SavMon_LW_Plot_01,0.2313134,37.4001536,primary,savanna,11.411021070636167,63.24531439189249,32.78753248537526,30.64086631949953,63.42839880487479,2.4092225433929393,130.68674878173147
SavMon_LW_Plot_13,uuid:62cfa820-952b-4616-b055-75241818c153,8ec46daa-1087-4d15-b103-f34f36089718,primary,savanna,yes,,Scrub,yes,Vachellia tortilis,,2.0,closed,white_sand,grasses forbs soil,no,wildlife_disturbance,0.2340935,37.3965471,4.833,0.2342553,37.3968651,3.6,0.2341948,37.3970411,4.3,Sam,2026-05-23 09:33:23.854000+00:00,,,SavMon_LW_Plot_13,0.2343585,37.3969368,primary,savanna,13.97302367427535,56.072859004103336,39.673619134621255,20.694129385547107,60.36774852016836,10.533290290029301,78.41143948578161
SavMon_LW_Plot_17,uuid:004235cf-306d-47e1-8359-de5504ee0505,1d979a81-a11a-43de-85de-7367754879ba,primary,savanna,yes,,Scrub,yes,Vachellia tortilis,,4.0,open,grey_sand,grasses forbs soil non-dwarf_shrubs,no,wildlife_disturbance,0.232485,37.3826638,3.4,0.2325834,37.3828088,3.4,0.2325479,37.3831058,4.3,Grace,2026-05-23 08:25:50.246000+00:00,,,SavMon_LW_Plot_17,0.2324023,37.3829238,primary,savanna,23.854355109897167,49.64292395532379,19.485213929303097,33.25970123914452,52.74491516844762,8.570493588483187,81.90068488499014
SavMon_LW_Plot_06,uuid:a03acbed-02cf-4013-b18b-ff08ae1d39f6,6af30a65-e02d-41ca-ad67-c426c219db54,primary,savanna,yes,,Scrub,yes,Terminalia brownii,,3.0,closed,grey_sand,grasses forbs litter non-dwarf_shrubs,no,none,0.2317032,37.3693426,2.8,0.2316303,37.3695558,2.2,0.2315821,37.3697609,3.6,Sam,2026-05-23 06:18:04.662000+00:00,,,SavMon_LW_Plot_06,0.2315995,37.3695323,primary,savanna,4.307825463271247,48.42245292769879,25.054145878309416,23.427206938119035,48.481352816428455,1.1951998805924386,106.14612593119989
SavMon_LW_Plot_46,uuid:40a57238-1d35-47c7-a24d-ac2850b81dd7,9b4a3681-b610-42f8-abbe-a5fb4da4892a,backup,savanna,yes,,Scrub,yes,Boscia coriacea,,1.0,open,white_sand,forbs non-dwarf_shrubs soil,no,human_or_livestock_disturbance,0.2693565,37.4965356,4.166,0.269311,37.4967388,3.15,0.2692712,37.4969466,4.45,Sam,2026-05-22 14:32:12.187000+00:00,,,SavMon_LW_Plot_46,0.2693616,37.4967625,backup,savanna,6.213038380229211,46.67450694589278,23.154078112850282,23.52605228597451,46.680130398824794,0.36267170321171394,101.72498482061644
SavMon_LW_Plot_19,uuid:227569c5-ddf0-45b4-831e-f69cdc5d7020,660f5446-1622-40f1-b3b0-0d2dcf623530,primary,savanna,yes,,Scrub,yes,"Boscia coriacea, Vachellia tortilis",,2.0,open,beige_sand,forbs grasses non-dwarf_shrubs litter soil,no,wildlife_disturbance human_or_livestock_disturbance,0.2191195,37.4938742,3.2,0.2192015,37.4939803,3.0,0.2192211,37.4940507,4.733,Sam,2026-05-22 12:59:15.413000+00:00,,,SavMon_LW_Plot_19,0.2191868,37.4940094,primary,savanna,3.6251722282598693,22.645128459922603,14.910508003114959,8.125791292305065,23.036299295420022,2.018774148299723,60.07347840967691
SavMon_LW_Plot_27,uuid:f050e5b6-fc2c-47d6-a2ab-97e7558f7e3d,b58271e9-c6d1-44f9-9286-0245b2e30a69,primary,savanna,yes,,Scrub,yes,Vachellia tortilis,,4.0,closed,beige_sand,forbs soil,no,wildlife_disturbance human_or_livestock_disturbance,0.2174675,37.4911897,4.15,0.2176415,37.4913878,3.2,0.2176097,37.4914037,3.4,Sam,2026-05-22 11:35:58.113000+00:00,,,SavMon_LW_Plot_27,0.2174808,37.4914745,primary,savanna,20.303740422948522,28.56999519553768,29.318170687310566,3.9533609907839806,33.27153167809455,3.9578077766808937,56.39632852597532
SavMon_LW_Plot_26,uuid:ac198024-a47f-4346-aa38-89a08f931e71,fb648edf-3606-4436-8f7d-9e8083e47744,primary,savanna,yes,,Scrub,yes,Vachellia tortilis,,3.0,closed,grey_sand,soil litter non-dwarf_shrubs forbs,no,wildlife_disturbance,0.2176529,37.4880496,4.1,0.217605,37.4882202,3.35,0.2174781,37.4884683,4.3,Sam,2026-05-22 08:30:41.095000+00:00,,,SavMon_LW_Plot_26,0.217576,37.4882832,primary,savanna,7.711785238970595,50.451406699440234,19.703273532646286,30.986563271308718,50.689836803955004,2.3958558139941135,112.65983751406799
SavMon_LW_Plot_23,uuid:f600fa99-f976-424f-bf6d-9b6557165cfd,b4bc7234-ca9b-4aeb-81ea-4fc30142306d,primary,savanna,no,On private property,,,,,,,,,,,,,,,,,,,,Sam,2026-05-22 08:17:02.404000+00:00,,,SavMon_LW_Plot_23,0.2378282,37.4830092,primary,savanna,,,,,,,
SavMon_LW_Plot_05,uuid:87c34840-c21f-4ef4-af48-cb9cd97beeae,68a92b1d-cd91-42f8-a4ac-582d2b2d3e30,primary,savanna,yes,,Scrub,yes,"Boscia coriacea, Vachellia tortilis",,2.0,open,beige_sand,non-dwarf_shrubs forbs soil,no,wildlife_disturbance,0.2730224,37.4889037,4.98,0.2729597,37.4891393,4.6,0.2728371,37.4892734,4.971,Sam,2026-05-22 06:18:52.946000+00:00,,,SavMon_LW_Plot_05,0.2731281,37.4890765,primary,savanna,19.98489017278422,45.982978181391424,27.109083648122326,20.203589436880968,47.3126730850033,5.512031116321416,116.62107601222556
SavMon_LW_Plot_09,uuid:f072f568-8aab-4e1e-b6c9-b122e4955331,0dc3e2bd-b285-42d5-b047-ac5172a3b61b,primary,savanna,yes,,Scrub,yes,Vachellia tortilis,,4.0,open,grey_sand,forbs soil litter,no,human_or_livestock_disturbance wildlife_disturbance,0.2423013,37.4884265,4.95,0.2423874,37.488653,2.65,0.2423873,37.4888286,2.6,Sam,2026-05-21 11:40:13.907000+00:00,,,SavMon_LW_Plot_09,0.2423936,37.4887007,primary,savanna,5.348567607401172,45.722282627768834,26.94373585036404,19.525657560433007,46.469393410797046,4.09924781519745,77.92752069347813
SavMon_LW_Plot_14,uuid:9ba70294-21f0-4b42-8cf3-a9a445493177,af3dc968-e531-4f35-894a-a57c843c3a9a,primary,savanna,yes,,Scrub,yes,,Vachellia xanthophloea,2.0,open,grey_sand,grasses forbs non-dwarf_shrubs litter standing_npv soil,no,human_or_livestock_disturbance,0.2208824,37.502578,4.2,0.2208665,37.5026736,3.1,0.2208774,37.5029741,3.3,Sam,2026-05-21 09:44:46.757000+00:00,,,SavMon_LW_Plot_14,0.2207025,37.502927,primary,savanna,33.56293315864946,44.047492100075424,10.77617920356526,33.435801930650335,44.21198113421559,1.6355205121026735,90.72321511992129
SavMon_LW_Plot_10,uuid:6b24bbe4-6a7e-48ab-857a-9e888ed89565,9dd50ef0-e5d2-4897-b6db-0c5804373b86,primary,savanna,yes,,Scrub,yes,"Vachellia tortilis, Boscia coriacea",,2.0,open,beige_sand,forbs soil non-dwarf_shrubs,no,wildlife_disturbance human_or_livestock_disturbance,0.2197688,37.4988451,4.5,0.219717,37.4990876,5.0,0.219599,37.4993334,4.7,Sam,2026-05-21 08:07:21.709000+00:00,,,SavMon_LW_Plot_10,0.2196273,37.4991049,primary,savanna,10.157993171558662,57.4852417666246,27.572894779116428,30.317853331441444,57.89074811055787,3.4199449893010914,109.17458659441917
SavMon_LW_Plot_30,uuid:3ef91bce-5fea-4fa5-b1ce-ca89a8d65258,8c172f11-fdb2-47bf-8c0b-1f34cd071afb,primary,savanna,yes,,Scrub,yes,Vachellia tortilis,,4.0,open,beige_sand,soil litter grasses forbs,no,wildlife_disturbance human_or_livestock_disturbance,0.2209465,37.4962888,4.666,0.2207736,37.4966092,4.5,0.2207899,37.4967193,3.0,Sam,2026-05-20 14:40:37.657000+00:00,,,SavMon_LW_Plot_30,0.2208843,37.4965398,primary,savanna,14.528194174379312,50.93784319407948,40.48305454142195,12.37591041947532,52.85896496089727,5.895001021580249,109.9896538875426
SavMon_LW_Plot_03,uuid:b8dc94ac-c6c3-4603-ac53-bd6180079842,810aa56e-e50a-44ab-9ab8-42d1552c349a,primary,savanna,yes,,Scrub,yes,Vachellia tortilis,,4.0,closed,beige_sand,grasses soil forbs,no,wildlife_disturbance,0.2221944,37.4758562,4.7,0.2220752,37.4761667,3.7,0.222044,37.4763507,3.6,Sam,2026-05-20 12:36:08.068000+00:00,,,SavMon_LW_Plot_03,0.2220553,37.4761233,primary,savanna,5.308951329227909,57.47247605751917,36.982543443609345,20.75176534913231,57.73430879274166,2.637308179605272,106.91702701725649
SavMon_LW_Plot_22,uuid:be718512-4523-4876-9e16-82bb8902d753,042bc8a0-b02c-4046-bd2e-4efb8a8d655d,primary,savanna,yes,,Scrub,yes,Vachellia tortilis,,4.0,open,grey_sand,soil litter non-dwarf_shrubs grasses forbs,no,human_or_livestock_disturbance,0.2231202,37.4733524,3.9,0.2231524,37.4735576,4.8,0.223502,37.4738019,4.4,Sam,2026-05-20 10:01:50.971000+00:00,,,SavMon_LW_Plot_22,0.2233124,37.4735582,primary,savanna,17.79131335508243,65.57846729727575,23.096243949036687,47.42457015641114,70.52081410544783,12.055922711644346,49.65560406555835
SavMon_LW_Plot_12,uuid:4caf46c5-ef16-4801-b168-120db41bf3b9,887b967e-cfda-42f9-9762-85838f49c6c7,primary,savanna,yes,,Scrub,yes,"Terminalia brownii, Boscia coriacea",,3.0,open,beige_sand,soil non-dwarf_shrubs forbs grasses,no,none,0.2298601,37.3732217,4.8,0.2297991,37.3733041,4.92,0.2296556,37.3735386,5.0,Sam,2026-05-19 13:09:15.433000+00:00,,,SavMon_LW_Plot_12,0.2297163,37.3733754,primary,savanna,12.150023039774903,41.93747948984084,11.399866760845834,30.569832508972674,41.969699269818506,0.73201763798653,122.83492785428325
SavMon_LW_Plot_08,uuid:e3e466a2-b1b9-40dd-8ba6-247b63c37cfc,1920716b-0cc6-42b0-8ebf-90ece20050df,primary,savanna,yes,,Scrub,yes,Vachellia tortilis,,3.0,open,beige_sand,grasses forbs non-dwarf_shrubs,no,none,0.2278005,37.3591777,3.9,0.2277962,37.3593798,4.2,0.2276407,37.3595746,3.7,Sam,2026-05-19 07:25:15.767000+00:00,,,SavMon_LW_Plot_08,0.227747,37.3593671,primary,savanna,5.650111133521632,47.57572903308738,22.47740310250036,27.71558709504215,50.192990197542514,7.958537913873426,111.93087304199082
