submission_key,plot_name,plot_entity_id,survey_label,survey_entity_id,target_group,replicate,recorder,team_size,transport,start_time,end_time,submission_date,start_clock_device,device_utc_offset,quadrat_count,quadrats_with_species_form,active_placeholders_at_start,confirm_submission,notes,review_state,form_version,device_id,duration_min,population
uuid:9fd08bb2-7c3f-49f5-8ad8-dd6f45da94da,SavMon_LW_Plot_01,5e003c10-72d4-42a4-9af5-6dbfbeac222c,savmon|lw|herbs|ho,858076d3-1f5a-4aad-b9ad-1205828807e0,herbs,lw_baseline,Grace,3,Vehicle,2026-05-23 12:03:35.486000+00:00,2026-05-23 13:13:09.951000+00:00,2026-05-23 13:40:11.776000+00:00,2026-05-23 14:03,+02:00,20,19,83,yes,,,20260516153111,collect:demo-device-01,69.57441666666666,retained
uuid:e63b6ad6-7893-4cca-a1db-00fbde18a2aa,SavMon_LW_Plot_02,51769cf3-e211-448e-9e29-605c1be4ed5b,savmon|lw|herbs|ho,858076d3-1f5a-4aad-b9ad-1205828807e0,herbs,lw_baseline,Grace,3,Vehicle,2026-05-24 07:06:21.041000+00:00,2026-05-24 08:46:39.960000+00:00,2026-05-24 09:07:25.380000+00:00,2026-05-24 09:06,+02:00,20,17,87,yes,,,20260516153111,collect:demo-device-01,100.31531666666666,retained
uuid:967cb42c-f21a-4ba6-92be-81cd6d2b0e8d,SavMon_LW_Plot_03,26e5a11d-9c38-4c69-9919-aa8489756096,savmon|lw|herbs|ho,858076d3-1f5a-4aad-b9ad-1205828807e0,herbs,lw_baseline,Sam,3,Vehicle,2026-05-20 13:24:08.274000+00:00,2026-05-20 14:22:49.002000+00:00,2026-05-20 17:29:47.459000+00:00,2026-05-20 15:24,+02:00,20,18,35,yes,,,20260516153111,collect:demo-device-01,58.6788,retained
uuid:4137458f-31e5-4355-b4ad-47858fb11503,SavMon_LW_Plot_04,3b4fc821-0b06-4e19-b17b-1330d0dbaf90,savmon|lw|herbs|ho,858076d3-1f5a-4aad-b9ad-1205828807e0,herbs,lw_baseline,Grace,3,Vehicle,2026-05-25 12:06:27.872000+00:00,2026-05-25 13:02:51.182000+00:00,2026-05-25 13:06:39.398000+00:00,2026-05-25 14:06,+02:00,20,18,95,yes,,,20260516153111,collect:demo-device-01,56.3885,retained
uuid:5d242bf2-8888-4eb0-9082-431482177425,SavMon_LW_Plot_05,dbd003da-4c6a-46a3-95be-ce6febaaab89,savmon|lw|herbs|ho,858076d3-1f5a-4aad-b9ad-1205828807e0,herbs,lw_baseline,Grace,3,Vehicle,2026-05-22 06:27:48.309000+00:00,2026-05-22 08:10:17.701000+00:00,2026-05-22 09:07:44.478000+00:00,2026-05-22 08:27,+02:00,20,12,62,yes,,,20260516153111,collect:demo-device-01,102.48986666666666,retained
uuid:7ae61d55-3663-422e-aad2-9104b56c9a47,SavMon_LW_Plot_06,f3fb5ba5-0209-4ac4-9666-8023f28a8918,savmon|lw|herbs|ho,858076d3-1f5a-4aad-b9ad-1205828807e0,herbs,lw_baseline,Grace,3,Vehicle,2026-05-23 06:37:13.454000+00:00,2026-05-23 08:09:02.499000+00:00,2026-05-23 08:37:22.961000+00:00,2026-05-23 08:37,+02:00,20,20,75,yes,,,20260516153111,collect:demo-device-01,91.81741666666667,retained
uuid:430e85a3-44ce-45f4-9974-c6a61569e78b,SavMon_LW_Plot_07,5aafaaed-0656-401d-aea7-3b18bf206c7f,savmon|lw|herbs|ho,858076d3-1f5a-4aad-b9ad-1205828807e0,herbs,lw_baseline,Grace,3,Vehicle,2026-05-24 13:38:45.517000+00:00,2026-05-24 14:35:14.978000+00:00,2026-05-24 18:19:35.319000+00:00,2026-05-24 15:38,+02:00,20,17,93,yes,,,20260516153111,collect:demo-device-01,56.49101666666666,retained
uuid:359a5da6-d237-4203-b838-8596bdbd4935,SavMon_LW_Plot_08,edf62d32-bf13-47ec-ad1c-356bed17570a,savmon|lw|herbs|ho,858076d3-1f5a-4aad-b9ad-1205828807e0,herbs,lw_baseline,Sam,3,Vehicle,2026-05-19 08:42:21.229000+00:00,2026-05-19 12:38:19.360000+00:00,2026-05-19 16:39:57.981000+00:00,2026-05-19 10:42,+02:00,20,19,0,yes,,,20260516153111,collect:demo-device-01,235.96885,retained
uuid:95cde0b4-8b49-4f5d-a3c7-6765e1c06466,SavMon_LW_Plot_09,3aac9518-a602-45ce-995c-cc06fc17975a,savmon|lw|herbs|ho,858076d3-1f5a-4aad-b9ad-1205828807e0,herbs,lw_baseline,Grace,3,Vehicle,2026-05-21 11:50:51.836000+00:00,2026-05-21 13:12:35.858000+00:00,2026-05-21 13:50:26.717000+00:00,2026-05-21 13:50,+02:00,20,19,55,yes,,,20260516153111,collect:demo-device-01,81.7337,retained
uuid:3865525f-1d45-40fc-83ca-7e30fafe6b54,SavMon_LW_Plot_10,d17cbd2e-4c3a-4a01-bd96-59b63764c5d5,savmon|lw|herbs|ho,858076d3-1f5a-4aad-b9ad-1205828807e0,herbs,lw_baseline,Grace,3,Vehicle,2026-05-21 08:29:48.099000+00:00,2026-05-21 09:33:00.113000+00:00,2026-05-21 11:35:23.804000+00:00,2026-05-21 10:29,+02:00,20,18,47,yes,,,20260516153111,collect:demo-device-01,63.20023333333334,retained
uuid:9e1251bb-84c1-4b7a-a8bb-bafcf7afc82c,SavMon_LW_Plot_11,e3135c68-679c-4b44-a083-5dc111683665,savmon|lw|herbs|ho,858076d3-1f5a-4aad-b9ad-1205828807e0,herbs,lw_baseline,Grace,3,Vehicle,2026-05-26 13:31:46.221000+00:00,2026-05-26 14:25:30.694000+00:00,2026-05-26 15:11:11.456000+00:00,2026-05-26 15:31,+02:00,20,20,99,yes,,,20260516153111,collect:demo-device-03,53.741216666666666,retained
uuid:e7de35f0-a715-47f1-885f-fd5a0d9a2907,SavMon_LW_Plot_12,ba376b02-9c8f-48f0-8ef9-1f7987744347,savmon|lw|herbs|ho,858076d3-1f5a-4aad-b9ad-1205828807e0,herbs,lw_baseline,Sam,3,Vehicle,2026-05-20 06:30:47.487000+00:00,2026-05-20 09:15:33.926000+00:00,2026-05-20 16:08:54.648000+00:00,2026-05-20 08:30,+02:00,20,20,16,yes,,,20260516153111,collect:demo-device-01,164.77398333333335,retained
uuid:ebe93f04-c927-4af3-9668-21b6540c01ea,SavMon_LW_Plot_13,78433e79-8d49-434b-8c68-a7c6f128f1e9,savmon|lw|herbs|ho,858076d3-1f5a-4aad-b9ad-1205828807e0,herbs,lw_baseline,Grace,3,Vehicle,2026-05-23 09:46:11.005000+00:00,2026-05-23 10:56:33.607000+00:00,2026-05-23 10:59:12.814000+00:00,2026-05-23 11:46,+02:00,20,20,83,yes,,,20260516153111,collect:demo-device-01,70.3767,retained
uuid:fdf5f121-0a7f-4769-85bb-4717e0361eb4,SavMon_LW_Plot_14,f0e18f43-2623-4095-98a7-fc95f06abf6f,savmon|lw|herbs|ho,858076d3-1f5a-4aad-b9ad-1205828807e0,herbs,lw_baseline,Grace,3,Vehicle,2026-05-21 10:03:53.133000+00:00,2026-05-21 11:01:23.716000+00:00,2026-05-21 11:51:09.826000+00:00,2026-05-21 12:03,+02:00,20,11,51,yes,,,20260516153111,collect:demo-device-01,57.50971666666667,retained
uuid:54452130-d92e-4996-a0d7-9401811b9ed7,SavMon_LW_Plot_15,8b86dcfb-e97f-4829-9582-0e0aa4d138cd,savmon|lw|herbs|ho,858076d3-1f5a-4aad-b9ad-1205828807e0,herbs,lw_baseline,Grace,3,Vehicle,2026-05-24 12:00:46.700000+00:00,2026-05-24 13:00:57.168000+00:00,2026-05-24 13:40:50.865000+00:00,2026-05-24 14:00,+02:00,20,17,91,yes,,,20260516153111,collect:demo-device-01,60.17446666666667,retained
uuid:599e04cf-832f-4535-8305-967918d12026,SavMon_LW_Plot_16,b1e1fc7f-afbd-404c-bd6c-55b172d722df,savmon|lw|herbs|ho,858076d3-1f5a-4aad-b9ad-1205828807e0,herbs,lw_baseline,Grace,3,Vehicle,2026-05-27 07:41:43.843000+00:00,2026-05-27 08:33:03.881000+00:00,2026-05-27 08:46:04.721000+00:00,2026-05-27 09:41,+02:00,20,19,102,yes,,,20260516153111,collect:demo-device-01,51.33396666666667,retained
uuid:b940a5e4-f4ed-4120-ba4e-70f858b86dfd,SavMon_LW_Plot_17,921c7cc5-8b9f-49dd-861d-208adf3bb3f8,savmon|lw|herbs|ho,858076d3-1f5a-4aad-b9ad-1205828807e0,herbs,lw_baseline,Grace,3,Vehicle,2026-05-23 08:36:08.839000+00:00,2026-05-23 09:20:00.510000+00:00,2026-05-23 09:47:05.332000+00:00,2026-05-23 10:36,+02:00,20,20,83,yes,,,20260516153111,collect:demo-device-01,43.86118333333333,retained
uuid:cf362fbc-991a-4db1-8d49-6c1d29fd49c8,SavMon_LW_Plot_18,a5b642c6-e8ba-4186-a1d3-5ff99852e8b0,savmon|lw|herbs|ho,858076d3-1f5a-4aad-b9ad-1205828807e0,herbs,lw_baseline,Grace,3,Vehicle,2026-05-26 06:23:51.656000+00:00,2026-05-26 07:17:19.761000+00:00,2026-05-26 17:38:39.259000+00:00,2026-05-26 08:23,+02:00,20,20,99,yes,,,20260516153111,collect:demo-device-01,53.46841666666667,retained
uuid:81e3bc36-700f-465d-a1aa-48ebed04a78c,SavMon_LW_Plot_18,a5b642c6-e8ba-4186-a1d3-5ff99852e8b0,savmon|lw|herbs|ho,858076d3-1f5a-4aad-b9ad-1205828807e0,herbs,lw_baseline,Grace,3,Vehicle,2026-05-26 12:13:41.819000+00:00,2026-05-26 12:39:43.798000+00:00,2026-05-26 15:10:20.718000+00:00,2026-05-26 14:13,+02:00,20,20,99,yes,,rejected,20260516153111,collect:demo-device-02,26.032983333333334,rejected
uuid:9ec95900-d4e8-4825-be75-07834b98cc6c,SavMon_LW_Plot_19,0797d530-529f-4d8b-8356-16675cc44cd5,savmon|lw|herbs|ho,858076d3-1f5a-4aad-b9ad-1205828807e0,herbs,lw_baseline,Grace,3,Vehicle,2026-05-22 13:13:59.075000+00:00,2026-05-22 14:13:57.742000+00:00,2026-05-22 14:43:09.418000+00:00,2026-05-22 15:13,+02:00,20,16,72,yes,,,20260516153111,collect:demo-device-01,59.977783333333335,retained
uuid:b816a9b4-f338-432a-83d7-1cf354583f0f,SavMon_LW_Plot_20,aeeedfcc-fb44-4419-a959-8ed6e365e584,savmon|lw|herbs|ho,858076d3-1f5a-4aad-b9ad-1205828807e0,herbs,lw_baseline,Grace,3,Vehicle,2026-05-24 10:09:18.278000+00:00,2026-05-24 11:03:20.340000+00:00,2026-05-24 11:35:09.026000+00:00,2026-05-24 12:09,+02:00,20,19,90,yes,,,20260516153111,collect:demo-device-01,54.03436666666666,retained
uuid:49d73df9-2d36-4a1e-aa29-6f94f23a7513,SavMon_LW_Plot_21,8070570d-64ca-405a-802d-4d721fdc2fe9,savmon|lw|herbs|ho,858076d3-1f5a-4aad-b9ad-1205828807e0,herbs,lw_baseline,Grace,3,Vehicle,2026-05-26 07:44:02.068000+00:00,2026-05-26 08:51:37.085000+00:00,2026-05-26 17:48:00.388000+00:00,2026-05-26 09:44,+02:00,20,19,100,yes,,,20260516153111,collect:demo-device-01,67.58361666666666,retained
uuid:c6cc7231-7af6-4bc5-b281-565c53f21763,SavMon_LW_Plot_21,8070570d-64ca-405a-802d-4d721fdc2fe9,savmon|lw|herbs|ho,858076d3-1f5a-4aad-b9ad-1205828807e0,herbs,lw_baseline,Sam,3,Vehicle,2026-05-26 12:48:42.442000+00:00,2026-05-26 13:13:14.012000+00:00,2026-05-27 06:04:11.289000+00:00,2026-05-26 14:48,+02:00,20,18,100,yes,,rejected,20260516153111,collect:demo-device-02,24.526166666666665,rejected
uuid:ce4f999d-8849-42a9-a870-1205d47b1903,SavMon_LW_Plot_22,0b3c0eb2-b30d-43c9-96bc-19b7d9bffb2b,savmon|lw|herbs|ho,858076d3-1f5a-4aad-b9ad-1205828807e0,herbs,lw_baseline,Sam,3,Vehicle,2026-05-20 10:53:18.107000+00:00,2026-05-20 12:06:18.691000+00:00,2026-05-20 16:55:23.969000+00:00,2026-05-20 12:53,+02:00,20,16,30,yes,,,20260516153111,collect:demo-device-01,73.00973333333333,retained
uuid:ef5c5535-1739-481b-af66-71061de5dcd2,SavMon_LW_Plot_24,ca163b94-25b0-4914-b2f1-97ed56fc4e74,savmon|lw|herbs|ho,858076d3-1f5a-4aad-b9ad-1205828807e0,herbs,lw_baseline,Grace,3,Vehicle,2026-05-24 09:05:25.863000+00:00,2026-05-24 09:43:26.769000+00:00,2026-05-24 09:47:32.400000+00:00,2026-05-24 11:05,+02:00,20,19,90,yes,,,20260516153111,collect:demo-device-01,38.0151,retained
uuid:8e5f5c9d-d697-4358-b766-db4a41f28c3e,SavMon_LW_Plot_25,a7a1282e-9abb-4064-8c91-8ccab91e0e1b,savmon|lw|herbs|ho,858076d3-1f5a-4aad-b9ad-1205828807e0,herbs,lw_baseline,Grace,3,Vehicle,2026-05-25 13:20:55.552000+00:00,2026-05-25 14:24:06.562000+00:00,2026-05-25 14:28:26.813000+00:00,2026-05-25 15:20,+02:00,20,19,97,yes,,,20260516153111,collect:demo-device-01,63.1835,retained
uuid:2439f628-f86d-4770-98d1-ae7b99a4d91f,SavMon_LW_Plot_26,fd4fed55-b92c-425a-9f66-1b15427f9ce0,savmon|lw|herbs|ho,858076d3-1f5a-4aad-b9ad-1205828807e0,herbs,lw_baseline,Grace,3,Vehicle,2026-05-22 09:05:16.453000+00:00,2026-05-22 10:55:03.901000+00:00,2026-05-22 10:58:45.180000+00:00,2026-05-22 11:05,+02:00,20,19,66,yes,,,20260516153111,collect:demo-device-01,109.7908,retained
uuid:c803a008-7014-4a4e-a485-68e1d90d767c,SavMon_LW_Plot_27,d4d63c8b-56ab-40bf-92c3-1509ed39c411,savmon|lw|herbs|ho,858076d3-1f5a-4aad-b9ad-1205828807e0,herbs,lw_baseline,Grace,3,Vehicle,2026-05-22 11:42:52.438000+00:00,2026-05-22 12:49:24.879000+00:00,2026-05-22 13:14:16.259000+00:00,2026-05-22 13:42,+02:00,20,19,71,yes,,,20260516153111,collect:demo-device-01,66.54068333333333,retained
uuid:c4ea3469-7e1c-474a-9ce6-fc1926e590e2,SavMon_LW_Plot_28,a07d4a19-ea5e-4487-b8ce-b5388deaa4f4,savmon|lw|herbs|ho,858076d3-1f5a-4aad-b9ad-1205828807e0,herbs,lw_baseline,Grace,3,Vehicle,2026-05-23 13:40:19.202000+00:00,2026-05-23 14:44:41.505000+00:00,2026-05-23 16:13:24.873000+00:00,2026-05-23 15:40,+02:00,20,19,84,yes,,,20260516153111,collect:demo-device-01,64.37171666666667,retained
uuid:938c15e5-c942-49aa-8e6d-9633189870ff,SavMon_LW_Plot_29,153ee0a8-8628-4891-8c66-a5d8286552f8,savmon|lw|herbs|ho,858076d3-1f5a-4aad-b9ad-1205828807e0,herbs,lw_baseline,Sam,3,Vehicle,2026-05-26 09:57:07.407000+00:00,2026-05-26 10:39:10.736000+00:00,2026-05-26 11:35:35.244000+00:00,2026-05-26 11:57,+02:00,20,19,99,yes,,,20260516153111,collect:demo-device-02,42.055483333333335,retained
uuid:c17516f9-53dd-4fda-b4e6-e257068198b9,SavMon_LW_Plot_30,986beb25-610e-4272-98b0-e53ae97004a1,savmon|lw|herbs|ho,858076d3-1f5a-4aad-b9ad-1205828807e0,herbs,lw_baseline,Grace,3,Vehicle,2026-05-21 06:10:43.275000+00:00,2026-05-21 07:52:06.617000+00:00,2026-05-21 08:17:22.710000+00:00,2026-05-21 08:10,+02:00,20,14,42,yes,,,20260516153111,collect:demo-device-02,101.38903333333333,retained
uuid:dae71a1b-a6f9-4a6d-a7e5-8ffbb89fad6f,SavMon_LW_Plot_46,e9e1ee42-30f6-43ef-995b-10ed880c80d4,savmon|lw|herbs|ho,858076d3-1f5a-4aad-b9ad-1205828807e0,herbs,lw_baseline,Grace,3,Vehicle,2026-05-22 14:41:42.486000+00:00,2026-05-22 15:14:40.641000+00:00,2026-05-22 17:28:41.086000+00:00,2026-05-22 16:41,+02:00,20,14,74,yes,,,20260516153111,collect:demo-device-01,32.96925,retained
